“”“”“”“”“”“”,68.0625
“”“”“”“”“”,67.5
”“”“”“”“”“”,59.296875
“”“”“”“”“”“,59.296875
“”“”“”“”,56.875
”“”“”“”“”,56.25
“”“”“”“”“,56.25
”“”“”“”“”“,50.625
”“”“”“”“,45.5
”“”“”“”“”“”“,45.375
”“”“”“”,44.29687
“”“”“”“,44.29687
“”“”“”,39.375
”“”“”“,32.8125
”“”“”,27.1875
“”“”“,27.1875
“”“”,19.6875
”“”“,16.875
行して結果を受け取る方法,12.902996
て結果を受け取る方法あれ,12.393118
で外部コマンドを実行して,12.332943
結果を受け取る方法あれこ,12.242964
果を受け取る方法あれこれ,12.129599
部コマンドを実行して結果,11.930914
結果を受け取る方法あれ,10.273285
”“”,10.171875
“”“,10.171875
果を受け取る方法あれこ,10.155611
して結果を受け取る方法,9.94817
を受け取る方法あれこれ,9.799879
外部コマンドを実行して,8.579901
コマンドを実行して結果,8.537328
果を受け取る方法あれ,7.8123927
て結果を受け取る方法,7.6160307
を受け取る方法あれこ,7.380652
マンドを実行して結果,6.8084135
結果を受け取る方法,6.5740643
部コマンドを実行して,6.525177
で外部コマンドを実行,6.5185204
受け取る方法あれこれ,6.4007463
を受け取る方法あれ,5.973873
外部プログラム,5.378986
受け取る方法あれこ,5.342268
け取る方法あれこれ,4.6904554
ンドを実行して結果,4.4429107
“”,4.0
部プログラム,3.512807
”“,3.5
外部プログラ,3.4798744
マル秘テクニック,3.1581118
外部プログラムを起動,2.5899112
プログラム,2.293518
マル秘テクニッ,2.2391114
ニクアザブ＠西麻布,2.2247386
部プログラムを起動,2.1149764
部プログラ,2.113173
ル秘テクニック,2.1102736
書き捨てスクリプト,2.0959225
方法あれこれ,1.979131
外部プログ,1.9759539
ットル生産量販売量酒蔵数,1.9130301
チーズ,1.8552912
を確認ログイン履歴を確認,1.69378
プログラムを起動,1.6880293
ニクアザブ＠西麻,1.619043
書き捨てスクリプ,1.6146367
バッククオート,1.6072923
き捨てスクリプト,1.5525353
クアザブ＠西麻布,1.5496554
ントを確認ポイントを確認,1.5406698
マル秘テクニ,1.4546609
都道府県トップ,1.4345806
ル秘テクニッ,1.4203887
テリヤキアプリ,1.3975966
確認ログイン履歴を確認,1.3947369
秘テクニック,1.3708845
プログラ,1.3214846
方法あれこ,1.3094361
ポイントを確認ポイント,1.2894737
トを確認ポイントを確認,1.2894737
法あれこれ,1.2299646
ログラムを起動,1.1905123
き捨てスクリプ,1.1707528
ログラム,1.168322
確認ログイン履歴を確,1.1403508
ニクアザブ＠西,1.1400762
されている,1.1345351
を確認ログイン履歴を,1.1244019
認ログイン履歴を確認,1.1244019
書き捨てスクリ,1.1065342
テリヤキ,1.1034098
ッククオート,1.0977522
クアザブ＠西麻,1.075989
外部プロ,1.0757972
バッククオー,1.0757972
ポイントを確認ポイン,1.060606
イントを確認ポイント,1.060606
を確認ポイントを確認,1.060606
部プログ,1.0538422
捨てスクリプト,1.0472556
ポイントを確認,1.0382775
取れる,1.0368656
テリヤキアプ,1.0262569
アザブ＠西麻布,1.0220209
都道府県トッ,1.0141364
実行して,1.0008664
スクリプト,0.99843174
マリアージュ,0.9649885
グラムを起動,0.9362258
道府県トップ,0.9330055
マル秘テク,0.9075764
書き捨てスク,0.89388394
リヤキアプリ,0.8857889
を確認ログイン履歴,0.8827751
ログイン履歴を確認,0.8827751
秘テクニッ,0.8694962
イントを確認ポイン,0.8684211
ポイントを確認ポイ,0.854067
ントを確認ポイント,0.854067
確認ポイントを確認,0.854067
き捨てスクリ,0.85154206
ル秘テクニ,0.8472828
捨てスクリプ,0.8468374
テクニック,0.8377628
てスクリプト,0.79979086
使いません,0.7775745
ニクアザブ＠,0.7719366
方法あれ,0.768459
法あれこ,0.76647425
テリヤキスト,0.7350774
確認ポイントを確,0.7336523
されてい,0.72180104
イントを確認,0.71770334
クアザブ＠西,0.7141136
ククオート,0.71353894
れている,0.7126721
あれこれ,0.7096939
を確認ポイントを,0.6953748
ントを確認ポイン,0.6953748
イントを確認ポイ,0.6953748
ッククオー,0.69524306
絵画に隠された絵画,0.68899524
グイン履歴を確認,0.68899524
酵母,0.6889216
テリヤキア,0.6884722
を確認ログイン履,0.68261564
ニクアザブ,0.67026454
認ポイントを確認,0.6698565
トを確認ポイント,0.6698565
ポイントを確認ポ,0.6698565
都道府県ト,0.66552705
アザブ＠西麻,0.6649641
マリアージ,0.65636605
都道府県,0.6484327
チー,0.64411604
本酒造,0.6405694
ーズ,0.6401644
道府県トッ,0.6211586
リアージュ,0.61507154
リヤキアプ,0.6145977
ラムを起動,0.6037637
ザブ＠西麻布,0.60135883
き捨てスク,0.59984314
確認ログイン履歴,0.599681
ショッピング,0.5813397
スクリプ,0.58128595
府県トップ,0.58101565
ヤキアプリ,0.5799143
クリプト,0.57710403
コマンド,0.56467664
グラム,0.56455827
てスクリプ,0.56455827
かせない,0.55701685
バッククオ,0.55345005
ントを確認ポイ,0.5526316
ログラ,0.5520125
チキンライス,0.54177076
トを確認ポイン,0.5414673
イントを確認ポ,0.5414673
プログ,0.53319395
外部プ,0.5324098
使いませ,0.5305802
生産量,0.52804244
本酒,0.526891
使いま,0.52613693
画に隠された絵画,0.523126
絵画に隠された絵,0.523126
テリヤキス,0.52229184
捨てスクリ,0.5096707
を確認ログイン,0.5079745
を確認ポイント,0.5079745
イン履歴を確認,0.50239235
リヤキ,0.4981661
テクニッ,0.492503
部プロ,0.48849973
テリヤ,0.48650837
いません,0.47569263
ル秘テク,0.47473225
クオート,0.46837428
秘テクニ,0.46711624
クニック,0.46457756
好相性？！知,0.46234095
ている,0.46162772
ってきました,0.45845616
ントを確認,0.45454544
クアザブ＠,0.44812799
確認ログイン履,0.446571
行して,0.4352361
れてい,0.43447316
認ログイン履歴,0.42982456
マル秘テ,0.42395875
マリアー,0.4225085
ククオー,0.420805
リヤキスト,0.4207351
あれこ,0.4099281
ません,0.4096968
法あれ,0.40631908
アザブ＠西,0.40476075
焼肉オフ会,0.40235147
リアージ,0.3929503
に隠された絵画,0.37958533
絵画に隠された,0.37958533
ョッピング,0.37679425
リヤキア,0.37389225
道府県ト,0.37185004
アージュ,0.37034696
ニクアザ,0.36582664
ショッピン,0.36483252
府県トッ,0.35832822
クアザブ,0.35830966
チキンライ,0.3571098
る方法,0.35476717
ザブ＠西麻,0.34934708
れこれ,0.34875697
Ｋｏｊｉ☆Ｉｍａｉ,0.34637803
ブ＠西麻布,0.34211922
ムを起動,0.3418714
県トップ,0.33973572
捨てスク,0.33873498
キアプリ,0.3365042
標準出力,0.33298483
ン履歴を確認,0.32535884
キンライス,0.32380423
てスクリ,0.3136435
ッククオ,0.30737063
いませ,0.3073706
好相性？！,0.3062515
バックク,0.30371144
てきました,0.2998342
りには,0.29800403
ヤキアプ,0.29661825
クリプ,0.29482487
道府県,0.29271665
チキン,0.28934222
されて,0.2889525
せない,0.28686368
エラー,0.28227913
ってきまし,0.27565402
リヤキス,0.2733972
！酵母,0.26806438
ことは,0.2673681
リプト,0.26346052
とは,0.25901285
マンド,0.25857994
クオー,0.25797176
ニック,0.25704086
ない,0.25506732
堀江貴文編,0.25092658
実行,0.24809058
コマン,0.24658021
クニッ,0.24561682
い場合,0.24464191
ログイン,0.24401914
ポイント,0.24401914
都道府,0.24200983
スクリ,0.24150547
トを確認,0.23923445
相性？！知,0.23709792
リアー,0.23211886
かせな,0.231162
テクニ,0.22848076
秘テク,0.22848076
られざる,0.227614
アザブ＠,0.22550957
ッピング,0.22488038
ョッピン,0.2200957
メール,0.2200957
肉オフ会,0.21972726
アージ,0.21777444
ｏｊｉ☆Ｉｍａｉ,0.2131557
オート,0.2113173
ージュ,0.21125425
グラ,0.20909566
写真・,0.20813397
酒造,0.20315643
焼肉オフ,0.20238037
てスク,0.19759539
マル秘,0.19420865
てい,0.19412984
部プ,0.19393623
を確認,0.19138756
ヤキスト,0.1908622
アプリ,0.18984377
Ｋｏｊｉ☆Ｉｍａ,0.18947174
県トッ,0.18888292
府県ト,0.18888292
あれ,0.18811485
堀江貴文,0.18185882
ザブ＠西,0.1792512
ませ,0.17825405
れこ,0.17813028
ニクア,0.17664915
いる,0.17623395
きました,0.17538688
を起動,0.17407213
ブ＠西麻,0.17154147
好相性？,0.1707105
テリ,0.1692982
トップ,0.16733252
＠西麻布,0.16575916
クアザ,0.16537368
準出力,0.16466282
てきまし,0.16378039
標準出,0.16191845
りに,0.1604518
ル秘テ,0.15993653
これ,0.15899196
リヤ,0.15793301
アザブ,0.1578567
ラム,0.15682174
です,0.15624103
産量,0.15373386
バック,0.15313643
ショッピ,0.15311004
江貴文,0.14725032
堀江貴,0.14725032
ヤキア,0.1458299
わせ,0.14510393
好相性,0.144037
グイン,0.14354067
相性？！,0.14225875
ック,0.14137247
ってきま,0.14056742
キアプ,0.13859893
たい,0.13831678
ポイン,0.13636364
生産,0.13590965
ラー,0.13382122
ククオ,0.1333769
出力,0.13173027
ックク,0.13090695
ので,0.12919697
イント,0.1291866
には,0.12904224
れて,0.12873279
しか,0.12843701
マリア,0.12779579
どころ,0.12676705
江貴文編,0.12621456
キン,0.12582107
この,0.12509671
ｊｉ☆Ｉｍａｉ,0.124340825
オフ会,0.12142823
プト,0.121275485
ヤキ,0.12125548
ージ,0.11949735
ッピン,0.118421055
外部,0.11761631
ました,0.11689388
しく,0.11305038
アー,0.11301667
｜｜｜｜｜｜,0.111790046
のつ,0.11127796
ピング,0.11124402
され,0.10730311
スク,0.10663879
など,0.10454783
性？！知,0.10432309
して,0.10416502
ｏｊｉ☆Ｉｍａ,0.103617355
府県,0.102950215
ヤキス,0.10252395
オー,0.102456875
メー,0.102073364
｜｜｜｜｜,0.10176724
酒蔵,0.1004917
ログイ,0.10047847
れま,0.100365914
リプ,0.100365914
られざ,0.09958113
れる,0.091520965
テク,0.0913923
れざる,0.0912827
とき,0.09095661
チキ,0.09020261
クニ,0.09012297
肉オフ,0.0896256
こと,0.08950952
ます,0.08875431
西麻布,0.08745723
ンド,0.08641153
焼肉オ,0.0838433
クリ,0.083638266
｜｜｜｜,0.08292777
Ｋｏｊｉ☆Ｉｍ,0.082893886
県ト,0.08197603
マン,0.08162228
きまし,0.08124539
キスト,0.08124539
せな,0.07798236
せん,0.077626765
真・,0.07655502
ってき,0.076271184
プリ,0.07554572
ザブ＠,0.075169854
大木屋,0.07461312
トッ,0.073755376
エラ,0.073183484
どこ,0.07260295
られ,0.072077766
ショッ,0.07177033
ョッピ,0.07177033
ｉ☆Ｉｍａｉ,0.0710519
！酵,0.070400745
結果,0.07017093
てきま,0.06963891
した,0.069477625
標準,0.06881754
かせ,0.06869875
マル,0.06854423
ブ＠西,0.067941986
都道,0.067609094
美味,0.06711622
コマ,0.066193804
クオ,0.06586514
道府,0.06299938
＠西麻,0.062159687
クア,0.061388716
ント,0.0613475
方法,0.060178764
もっ,0.059024196
ース,0.05784986
った,0.05775486
準出,0.057631996
マリ,0.057535764
リー,0.056796554
場合,0.056780368
性？！,0.05453252
｜｜｜,0.054279998
って,0.05379768
ニッ,0.05331218
ｊｉ☆Ｉｍａ,0.053288925
アザ,0.0526189
貴文編,0.05138736
グルメ,0.049434036
クク,0.04939885
キア,0.049113885
ニク,0.048860405
活用,0.048552163
ピン,0.04784689
グイ,0.04784689
のお,0.047789767
アプ,0.047782116
相性,0.045680866
ル秘,0.044426814
ポイ,0.043062203
ップ,0.04240934
起動,0.042341873
秘テ,0.04188814
絵画,0.041467305
バッ,0.04116571
まし,0.040622696
ころ,0.040565457
確認,0.039872408
料理,0.039774604
貴文,0.039266754
江貴,0.039266754
堀江,0.039266754
使用,0.03899118
リア,0.0382518
フ会,0.038163155
好相,0.037935667
有名,0.036877688
ザブ,0.036332097
ｏｊｉ☆Ｉｍ,0.03552595
Ｋｏｊｉ☆Ｉ,0.03552595
？！知,0.0343792
スト,0.033898305
よっ,0.03249265
オフ,0.03238086
一振,0.030940102
さん,0.030397937
☆Ｉｍａｉ,0.029604958
ｉ☆Ｉｍａ,0.029604958
てき,0.028739868
蔵元,0.028733866
ュー,0.026444957
ョッ,0.02631579
きま,0.025792189
焼肉,0.025442105
ライ,0.024979183
肉オ,0.024092901
ッピ,0.023923445
｜｜,0.023747498
ジュ,0.023472695
麻布,0.023321928
西麻,0.023321928
役割,0.023209035
大木,0.02210759
地図,0.019138755
終了,0.01881861
木屋,0.018422991
ルメ,0.0175298
以上,0.016746411
紹介,0.016332382
ブ＠,0.015419457
暮里,0.0149226235
文編,0.0138235
グル,0.013322649
記事,0.011154298
＠西,0.010600877
公開,0.004207152
