ュー,20215129865653189/292870012813905280
残業,9655024/89945547
業代,14442487/179891094
代ゼ,2633677/59963698
ゼロ,1361852/29981849
ック,4808514359953795/107117756610822178
する,156660216886949267032850836009/2109715102076504099852525155968
残業代,28759639/119927396
業代ゼ,22972189/119927396
代ゼロ,19035413/119927396
残業代ゼ,12958828/29981849
業代ゼロ,37339922/89945547
残業代ゼロ,23532320/29981849
ニュ,54/1429
ース,147/1429
専門,50/4287
門職,33/2858
導入,125/8574
「残,110/4287
ロ」,135/5716
クス,154/4287
ワー,122/4287
ード,48/1429
写真,27/2858
時分,56/1429
ニュー,1197/5716
ュース,342/1429
専門職,459/11432
「残業,455/5716
ゼロ」,387/5716
ニュース,672/1429
「残業代,250/1429
代ゼロ」,216/1429
「残業代ゼ,1400/4287
業代ゼロ」,1665/5716
「残業代ゼロ,1575/2858
残業代ゼロ」,2799/5716
「残業代ゼロ」,4179/5716
労働,47207477/427299046
企業,57757581047718703/746744311928516122
ビジ,1924741514341139245811741485346827/35582833394725847275198043385856192
ジネ,3814694718833826174402186516687503/71165666789451694550396086771712384
ネス,3746937722529045019294555168794157/53374250092088770912797065078784288
経済,3200361403053186056869/53643410100268292189184
から,844982654659/8721814477429
ビジネ,22658071899724629278581711404059929/142331333578903389100792173543424768
ジネス,13469428513654001551405296618814523/71165666789451694550396086771712384
ビジネス,13685668656374396144906671322572895/35582833394725847275198043385856192
働者,1460/20981
時間,1134/20981
労働者,5610/20981
ライ,17431997/262165306
ゴー,4828/40823
ーン,7174/40823
らの,7808/40823
ゴーン,12624/40823
った,6006464/98092839
ない,3981862/35314045
てい,25698124343170393/232932051964862770
海外,315/20366
採用,2001/20366
って,44/599
ジャ,29456734/401590137
ャー,16398465/133863379
記事,108352695/1784664401
警察,3224/41689
逮捕,1444/41689
行・,2924/41689
され,2800/41689
ーナ,6720/41689
ナリ,2304/41689
ジャー,16992/41689
ャーナ,15768/41689
ーナリ,10512/41689
ジャーナ,32736/41689
ャーナリ,20096/41689
ジャーナリ,36160/41689
歌舞,2600/41729
舞伎,2600/41729
市川,2592/41729
川左,2100/41729
左團,2116/41729
團次,2116/41729
さん,3024/41729
ます,3880/41729
歌舞伎,9525/41729
市川左,7686/41729
川左團,7371/41729
左團次,7935/41729
市川左團,17640/41729
川左團次,17388/41729
市川左團次,33705/41729
与沢,108/3211
沢翼,224/9633
サイ,164/3211
与沢翼,287/3211
ンシ,138876278/1001345319
すき,4444/42809
ゼン,3852/42809
ショ,2360/42809
ョー,5472/42809
新聞,3036/42809
して,4480/42809
ゼンシ,9882/42809
ンショ,270/1157
ショー,12366/42809
ゼンショ,504/1157
ンショー,26712/42809
ゼンショー,41670/42809
東洋,350883009438584249/9587855101091754240
洋経,858904864725441407/19175710202183508480
東洋経,116090936046073609/798987925090979520
洋経済,7545565045007891/49168487697906432
東洋経済,1636478293793485997/4793927550545877120
ロジ,608/7797
英語,2156/23391
ブリ,512/7797
リテ,2596/23391
ティ,2128/23391
ィッ,1888/23391
ッシ,396/2599
シュ,2144/23391
カウ,448/7797
ウン,3094/23391
シル,2752/23391
プロジ,20/113
ロジェ,365/2599
ジェク,260/2599
ェクト,265/2599
ブリテ,80/339
リティ,2032/7797
ティッ,656/2599
ィッシ,2336/7797
ッシュ,2192/7797
カウン,784/2599
ウンシ,2768/7797
ンシル,3040/7797
プロジェ,2440/7797
ロジェク,2540/7797
ジェクト,740/2599
ブリティ,12352/23391
リティッ,64/113
ティッシ,128/207
ィッシュ,13568/23391
カウンシ,15616/23391
ウンシル,5504/7797
プロジェク,4775/7797
ロジェクト,1675/2599
ブリティッ,23120/23391
リティッシ,26080/23391
ティッシュ,24640/23391
カウンシル,400/339
プロジェクト,2800/2599
ブリティッシ,13568/7797
リティッシュ,13568/7797
ブリティッシュ,60256/23391
社長,2253181/53434091
会社,34156542/694643183
イン,24558654747291/204947524712320
ンタ,1240946115171/25618440589040
経営,174855729/3473215915
インタ,10847576874729/81979009884928
インタビ,53159266/267170455
ンタビュ,36539668/267170455
タビュー,43728902/267170455
インタビュ,15676654/53434091
ンタビュー,17739176/53434091
インタビュー,30056466/53434091
ップ,1856/58955
たの,6412/58955
ビュー,459/4535
デジ,1863/29504
ジカ,81/1844
カメ,235/7376
赤字,15/922
オリ,25/461
リン,715/7376
ンパ,1495/14752
パス,445/7376
事業,63/1844
デジカ,3969/29504
ジカメ,891/7376
オリン,1635/7376
リンパ,1635/7376
ンパス,1725/7376
デジカメ,2025/7376
オリンパ,1565/3688
リンパス,1675/3688
オリンパス,5625/7376
