■■■■■■■■■■■■,384.07013
■■■■■■■■■■■,335.32944
■■■■■■■■■■,287.3855
■■■■■■■■■,240.84787
■■■■■■■■,196.35461
■■■■■■■,154.57242
■■■■■■,116.68298
■■■■■,83.6989
■■■■,54.304623
部分集合,40.421616
■■■,29.330769
ソーシャルメディア,27.66662
ソーシャルメディ,20.139986
ーシャルメディア,20.00506
分集合,18.414024
部分集,15.80929
ソーシャルメデ,14.159382
ーシャルメディ,13.986226
します,12.550245
シャルメディア,12.4593115
■■,10.565063
ソーシャルメ,9.633732
ーシャルメデ,9.34364
ります,8.543547
を削除,8.441268
ソーシャル,8.2052
ャルメディア,8.075334
シャルメディ,7.987632
集合,7.221974
ること,7.171952
メルマガ,6.8375435
ーシャルメ,5.9704847
の要素,5.9151406
を選択,5.5274677
ルメディア,4.8573437
ャルメディ,4.756149
シャルメデ,4.7224174
ーシャル,4.6869993
ソーシャ,4.645678
リスト,4.5984817
分集,4.5582848
部分,4.1518536
アップル,3.6708312
プロモーション,3.5079637
メルマ,3.198146
トワイライトエクスプレス,3.1646302
ルマガ,3.1302898
コンベンション,3.074863
でき,2.8870032
るこ,2.8423402
要素,2.6931665
アップ,2.6310077
トワイライトエクスプレ,2.5994606
シャルメ,2.5411103
ルメディ,2.5231202
ャルメデ,2.473647
ワイライトエクスプレス,2.4108083
をすべて,2.4044976
ロモーション,2.3959045
ユーザー,2.3629382
ーシャ,2.3553057
マーケティング,2.3118663
ソーシ,2.3021784
社内イベント,2.2757437
プロモーショ,2.1638224
コンベンショ,2.1336985
トワイライトエクスプ,2.1112976
リップスティック,2.0590158
ンベンション,1.9924608
ワイライトエクスプレ,1.9486266
アンケート,1.7489582
イライトエクスプレス,1.7428147
クエスタント,1.7334096
ップル,1.7282525
───,1.7029924
トワイライトエクス,1.6887052
モーション,1.6382252
ーケティング,1.6285561
マーケティン,1.6262784
リスニング,1.6058621
なり,1.6007146
場合,1.5783832
行列,1.5590293
ワイライトエクスプ,1.5550263
内イベント,1.5366132
選択,1.5149621
インデックス,1.4713329
ップスティック,1.4364086
プロモーシ,1.4362912
イベント,1.4340198
リップスティッ,1.429055
グロース,1.417909
インデックス会長,1.4110773
イライトエクスプレ,1.3777434
ショッピング,1.3662755
ロモーショ,1.350967
メールマ,1.3509154
トワイライト,1.3355551
コンベンシ,1.3346125
ベンション,1.3346125
ンベンショ,1.3072897
ライトエクスプレス,1.2901008
ユーザ,1.2855638
テーション,1.228846
トワイライトエク,1.2281352
│││,1.2255471
ワイライトエクス,1.2191017
社内イベン,1.2059497
ルマ,1.1655157
エスタント,1.1498855
メル,1.138818
をすべ,1.1384399
ーザー,1.1233505
トワイライトエ,1.0968788
ーケティン,1.0932964
まれる,1.0914968
ャルメ,1.0895292
イライトエクスプ,1.072828
インデックス会,1.0678941
メディア,1.0646791
ンケート,1.060823
ルメデ,1.0557976
アッ,1.0373046
リップスティ,1.0253059
プスティック,1.0232048
ップ,1.0154443
ーション,1.0146835
める,1.0112941
ライトエクスプレ,1.0019882
すべて,0.99747014
ワイライトエク,0.98986626
──,0.98853654
ビジネス,0.98263097
ンデックス会長,0.97203285
ソー,0.953338
ップスティッ,0.9433654
イライトエクス,0.94304824
スニング,0.9379482
ンデックス,0.9182897
ケティング,0.9148765
アンケー,0.9137021
マーケティ,0.9053861
クエスタン,0.90389013
プロモー,0.9032992
セック,0.89980227
サービス,0.8947499
リスニン,0.89304644
ショッピン,0.8810594
ワイライト,0.87286466
トワイライ,0.87027335
イトエクスプレス,0.8656745
インデック,0.85620815
ョッピング,0.8506187
モーショ,0.83959043
ベンショ,0.837338
マガ,0.83318657
ロモーシ,0.8327645
ポップコーン,0.8262922
って,0.817146
シャル,0.79766387
ート,0.7805263
コンベン,0.7751261
ライトエクスプ,0.765606
ロース,0.7653487
リス,0.75890386
ベント,0.7465675
ンション,0.7465423
ンベンシ,0.7431795
ワイライトエ,0.7376223
スタント,0.73455375
ールマ,0.72521436
クーデター,0.7243921
続きを,0.72169685
内イベン,0.72097635
ンデックス会,0.70499086
││,0.6788745
コーヒー,0.6745362
スティック,0.6723317
リップステ,0.6705808
カンパニー,0.667914
スポーツ,0.66071475
している,0.65700525
イトエクスプレ,0.65251315
ップスティ,0.64606875
ニュース,0.6436193
プスティッ,0.63906527
ライトエクス,0.6363426
デックス会長,0.6211808
ポイント,0.62018144
ティング,0.61523056
イライトエク,0.60958946
テーショ,0.6091221
プル,0.60526145
プレゼント,0.59852314
まとめ,0.5959241
スタンプ,0.566687
イベン,0.5635011
ップコーン,0.5505074
ログイン,0.55040824
ケティン,0.5466482
社内イベ,0.5446224
ーケティ,0.5405743
トエクスプレス,0.5398595
イトエクスプ,0.5388847
ックス,0.5384978
マーケテ,0.5360189
写真共有アプリ,0.5342815
ユー,0.53261596
ーザ,0.53261596
ザー,0.53261596
トワイラ,0.5291447
イトーヨーカ堂,0.5272845
エスタン,0.5217391
ービス,0.50850976
ョッピン,0.5059039
デックス,0.50493
ミノ,0.5008188
してい,0.5000463
ディア,0.49953014
ポップコー,0.49917394
イライト,0.494493
ッピング,0.492024
ション,0.48986846
ニング,0.48830682
ケート,0.48560217
ハウシュカ,0.48139763
セッ,0.48011425
モーシ,0.4778157
ンケー,0.47729036
クーデタ,0.47615013
ジネス,0.47488064
ロモー,0.47440273
ンデック,0.47388923
メール,0.45259863
スニン,0.4508887
インデッ,0.4490566
メディ,0.44891536
トエクスプレ,0.44715965
コンベ,0.44641212
ーショ,0.44295546
ベンシ,0.44010687
サービ,0.43824482
イライトエ,0.4331461
サイト,0.43279257
ワイライ,0.43268284
マーケ,0.4274133
ンショ,0.4262353
ベビースター,0.4262295
タント,0.42391303
デックス会,0.42315885
ナノ化植物エキス,0.42105263
カジノ,0.42089266
リップス,0.4202073
イン,0.4191262
るつの,0.41824123
ている,0.415742
ンパニー,0.41233072
ーデター,0.41006523
ュース,0.40960148
サンケイスポーツ,0.4091038
クエスタ,0.40732265
ショッピ,0.40494648
をす,0.40290466
コーヒー界,0.39990363
スポー,0.39956737
アンケ,0.39781344
コーヒ,0.39749458
ックス会長,0.39303103
ップステ,0.3907928
エクスプレス,0.38983148
ック,0.3879919
ライトエク,0.38218772
グロー,0.37961966
スティッ,0.3779998
イトエクス,0.37741038
ンベン,0.3770543
ビジネ,0.3710816
まれ,0.37104708
スタンプ作者,0.36556706
を確認,0.3642718
ライ,0.36166072
たっぷりの,0.35961047
トーヨーカ堂,0.3581089
イトーヨーカ,0.35687405
きを,0.35617557
ティック,0.35558876
した,0.35249805
ーヒー,0.35051796
ヨーカ堂,0.34905326
プスティ,0.34877205
ィング,0.34639794
和製英語,0.34488964
テーシ,0.34407687
真共有アプリ,0.3422222
ポーツ,0.3375663
写真共有アプ,0.336
ポイン,0.33383805
ニュー,0.3300006
リスニ,0.3274088
タンカー爆発,0.32693005
イント,0.3244673
ティン,0.32397416
レゼント,0.32390568
グイン,0.32274848
プコーン,0.32003775
ビースター,0.31717747
プレゼン,0.31581318
アプリ,0.31111547
ンケイスポーツ,0.30758548
ベビースタ,0.3064861
ップコー,0.3058768
たっぷりな,0.3055841
カーライル,0.3029223
ルメ,0.30133522
ール,0.30092543
すべ,0.29749355
トエクスプ,0.2961955
農業白書,0.29271743
カンパニ,0.29033023
頭皮ケア,0.28935775
ギズモード・ジャパン,0.28737086
サンケイスポー,0.28703558
べて,0.2862497
ライト,0.28443453
スペシャル,0.28358698
ーケテ,0.28357375
スタン,0.27545086
投稿,0.27322558
った,0.27294147
ハウシュ,0.2716833
クスプレス,0.26753142
スタンプ作,0.2654713
プロモ,0.26450512
ッピン,0.26163363
トワイ,0.26013088
内イベ,0.25869566
ベン,0.25511146
ショッ,0.25448084
ュー,0.25356597
エクスプレ,0.25319937
リップ,0.25212437
タンプ,0.25137088
デター,0.25036007
ーデタ,0.24908921
ックス会,0.24869142
ーヨーカ堂,0.24697165
つの,0.24562427
まと,0.24436636
ウシュカ,0.2422743
モー,0.24118316
コン,0.23908445
ピング,0.23807475
農業」推進,0.23715532
リアルタイム,0.23655914
社内イ,0.23340961
ャル,0.23240867
ログイ,0.23191667
ズモード・ジャパン,0.23048401
ーヒー界,0.22934233
ワイラ,0.22801842
たっぷり,0.22684368
シャ,0.22666372
イトーヨー,0.22639069
トーヨーカ,0.22639069
タンカー,0.22476079
ビースタ,0.22238061
ップス,0.22165935
タンカー爆,0.22118741
クーデ,0.22113022
共有アプリ,0.21881482
ポップコ,0.21666273
メー,0.21549112
ポー,0.21537343
ケイスポーツ,0.21477951
ースター,0.21287717
表示,0.2113844
サー,0.20966846
パニー,0.20964006
デック,0.20952526
ョン,0.20927772
ンケイスポー,0.20796111
ービ,0.20662001
インデ,0.20642118
っぷりの,0.20505449
ンデッ,0.20486914
クス,0.20445818
クス会長,0.20377359
タンプ作者,0.20280269
カーライ,0.20242338
ンカー爆発,0.20190778
イライ,0.20047484
スガシカオ,0.19787659
農業,0.19726609
写真共有ア,0.196
ベビース,0.19577096
ギズモード・ジャパ,0.1952173
ーライル,0.19291994
ヨーカ,0.19263789
ーカ堂,0.19263789
ーク,0.19124788
真共有アプ,0.19081481
ーケ,0.18860498
ンベ,0.18747628
ーヒ,0.18549748
ヒー,0.18549748
ンシ,0.18495417
ニン,0.1845962
モード・ジャパン,0.18450814
プステ,0.18279018
関東甲信,0.18097614
ィック,0.18096928
クエス,0.18020596
エスタ,0.18020596
ニュースニュース,0.17979331
ました,0.17963387
いる,0.1793714
ケティ,0.17879952
ョッピ,0.178061
コーン,0.17736606
ーシ,0.17708671
規制改革会議,0.17637804
検索,0.17353714
ロー,0.17158282
クスプレ,0.17071052
スティ,0.17032403
製英語,0.17002283
スマ,0.16731761
ネス,0.16607848
ィア,0.16566722
アン,0.16550036
ーツ,0.16497275
農業白,0.1643884
ケー,0.16382904
タクシン,0.16357423
中国経済,0.16303006
スペシャ,0.16244982
粉飾決算,0.16214243
っぷりな,0.15921187
ティッ,0.15834811
イト,0.15714535
農業」推,0.15672873
ゼント,0.15571243
マー,0.15551497
かいよう,0.15516137
サンケイスポ,0.15511854
ィン,0.15324591
イスポーツ,0.15294044
写真・,0.15258509
ズモード・ジャパ,0.1525362
イトーヨ,0.1522992
プコー,0.15187633
とめ,0.1514172
スト,0.15086906
リアルタイ,0.14906847
テン,0.14880979
ニュースニュー,0.14608207
ュースニュース,0.14608207
ーヨーカ,0.14571328
テー,0.14457011
有アプリ,0.14435555
ード・ジャパン,0.14343274
ースタ,0.14183892
キウイ,0.14169694
ンパニ,0.14130434
トピックス,0.14097549
アルタイム,0.13931634
レゼン,0.13914967
パック,0.13864252
イベ,0.13798627
カンパ,0.13782965
ギズモード・ジ,0.13759388
ヒー界,0.13731632
ケイスポー,0.13684145
ギズモード・ジャ,0.13663834
ハウシ,0.13549155
ビース,0.13542409
タンプ作,0.13508573
英語,0.13499862
ンツ,0.13286589
スプレス,0.13249175
です,0.13166012
ペシャル,0.13164037
スター,0.13114753
コー,0.13034864
トーヨー,0.13007174
プレゼ,0.12950386
皮ケア,0.1293763
スポーツ）,0.12837106
ード・ジャパ,0.12766443
ンカー爆,0.1265344
メデ,0.12500273
和製英,0.12497405
える,0.124918975
ブログ,0.123680376
ビス,0.123256356
頭皮ケ,0.12311616
カジ,0.122760355
ング,0.12228662
東京都,0.12222421
れる,0.12207434
サイ,0.12069525
スガシカ,0.11942025
モード・ジャパ,0.11917621
ます,0.1177773
ンカー,0.11763563
ロハス,0.11724743
ター,0.11701875
写真写真,0.11642275
ポイ,0.116117656
ジネ,0.115908936
ジノ,0.11574548
ニュースニュ,0.115581416
ースニュース,0.115581416
モード・ジャ,0.11429006
ショ,0.1133408
がを,0.11251397
農業」,0.112420455
ウシュ,0.11238446
シュカ,0.11238446
るつ,0.11208935
写真共有,0.112
ド・ジャパン,0.11185835
アク,0.111652
クス会,0.11092514
グイ,0.11045365
ュースニュー,0.109561555
ビジ,0.108989
ポップ,0.10833137
ント,0.107522696
ぷりの,0.10711802
クー,0.10675252
アプ,0.1065724
タイ,0.10585033
共有アプ,0.10536297
スポ,0.10528126
ップコ,0.10514515
カー爆発,0.1050991
ニー,0.105013065
制改革会議,0.10488835
ズモード・ジャ,0.1047198
まし,0.10368953
ンプ作者,0.1030551
規制改革会,0.10281818
ピン,0.102564104
グローバルナビ,0.10253838
ンケイスポ,0.10180245
ズモード・ジ,0.100915685
ーラ,0.10038014
エキス,0.1001623
スニ,0.09978173
プリ,0.0996752
ーカ,0.09967071
クト,0.098700374
サンケイス,0.09754096
イトー,0.096936375
業白書,0.0965119
たっぷ,0.095800176
っぷり,0.0957966
中国経,0.095718406
業」推進,0.09568702
宝石サンゴ,0.094799325
ギズモード・,0.09301265
スペシ,0.09242834
とい,0.09241042
プロ,0.092296295
コナミ,0.09207027
イスポー,0.09204836
こと,0.091431834
ニュースト,0.09130129
真共有ア,0.091259256
ス会長,0.09120511
ないのか,0.09110287
ーン,0.090630166
ンプ,0.090521365
動画,0.08992806
ベビー,0.089094795
・ブラゼル,0.089017965
ヨー,0.0889098
イラ,0.08852857
ニュースニ,0.08829136
スニュース,0.08829136
ーデ,0.08811319
タクシ,0.08811319
ログ,0.08763416
セブン,0.08732212
タンカ,0.08570008
られ,0.08525362
プス,0.08474181
ョッ,0.0845789
という,0.0839976
ディ,0.082983874
して,0.0828821
ラン,0.082756214
ンケ,0.08251033
ピックス,0.08232993
関東甲,0.08229426
ード・ジャ,0.08156338
おやつ,0.081076264
ガシカオ,0.08053924
てい,0.08043191
トーヨ,0.08026579
ワイ,0.08006833
トワ,0.08000463
リッ,0.07937249
アルタイ,0.07913168
リアルタ,0.07857441
ュースニュ,0.07825825
ースニュー,0.07825825
グロ,0.0779395
内イ,0.0778032
タン,0.076999575
かいよ,0.07669908
オバマ,0.076671034
東甲信,0.07588173
南シナ海,0.075673826
モード・ジ,0.07548413
ーヨー,0.07532635
トピック,0.07456345
・ジャパン,0.07396431
グローバルナ,0.07344236
ルタイム,0.07300176
ステ,0.07222897
スマートフォン,0.07184004
ぷりな,0.07164534
ポーツ）,0.0707093
確認,0.070676595
サンゴ,0.07016922
写真写,0.06940587
真写真,0.06940587
粉飾決,0.069020085
飾決算,0.069020085
する,0.06883136
ローバルナビ,0.06862647
スタ,0.06846795
ー界,0.06841725
写真,0.06830108
いよう,0.0678831
デタ,0.06777938
ンデ,0.06725502
真・,0.066793896
大統領,0.06564476
国経済,0.065459035
カー爆,0.06490519
クシン,0.064390406
りま,0.064348176
スガシ,0.06387595
写真共,0.06346667
石サンゴ,0.06308142
ビー,0.06200998
有アプ,0.060355555
ンプ作,0.060057446
ンケイス,0.059471574
映画館,0.058767997
カン,0.057139464
映画,0.056997877
デッ,0.056908093
ド・ジャパ,0.056233138
ブラゼル,0.055978198
ケイスポ,0.055683576
音声翻訳機能,0.05532125
ッピ,0.055226825
ー爆発,0.054881964
改革会議,0.054652352
東京,0.054441262
制改革会,0.054100305
売却協議,0.053219292
ュースニ,0.05217217
スニュー,0.05217217
規制改革,0.05189213
業」推,0.051349282
グローバル,0.05116886
ジャパン,0.05111938
カー,0.051053457
ンパ,0.050962225
スタバ,0.050951578
レス,0.050564595
いのか,0.049405787
・ブラゼ,0.04924398
ュースト,0.048961572
ースニュ,0.048158925
･ﾋ･蝪ｼ･ｹ,0.0477576
サンケイ,0.04772878
スパイ,0.04763865
ローバルナ,0.047155615
ノート,0.046380367
タク,0.046089977
ウイ,0.04541569
ピック,0.045362145
ブン,0.045160532
ないの,0.044675447
トピッ,0.044581193
ジョブズ,0.044149853
ーバルナビ,0.04414568
都知事,0.04387536
宝石サン,0.04323558
中国船,0.042792592
ーツ）,0.03990025
ース,0.039808422
大空襲,0.039486244
真共有,0.0392
バー,0.039110746
ルー,0.0388972
ない,0.038889866
リアル,0.038869258
パニ,0.03783559
ス会,0.037796713
プ作者,0.037601184
子会社,0.03744191
共有ア,0.037333332
ガシカ,0.0367981
シカオ,0.0367981
神奈川,0.03670919
スマート,0.036512107
業白,0.03605939
時分,0.035629064
不安定,0.035625223
会長,0.0356056
」推進,0.035263963
ルタイ,0.035107717
新聞）,0.03500706
南シナ,0.034873784
ポッ,0.03469436
京都,0.034145176
キウ,0.03360761
シナ海,0.03350618
アルタ,0.033435922
タイム,0.033435922
もっと,0.033423275
中国,0.03300672
関東,0.03295333
東電,0.0328319
ード,0.031767666
グローバ,0.0313033
ローバル,0.0313033
米国,0.031288598
イスポ,0.031250987
かい,0.030562086
ンカ,0.030183677
ージ,0.029146327
ーバルナ,0.028895354
･ﾋ･蝪ｼ･,0.028895354
ﾋ･蝪ｼ･ｹ,0.028895354
国経,0.028818443
スガ,0.028697891
ワード,0.028281543
ー爆,0.027976375
ケイス,0.027841788
業」,0.027810512
のか,0.02738926
カ堂,0.027166883
コナ,0.027007278
プコ,0.02690583
真写,0.026866788
ブラゼ,0.026515989
記事,0.026276184
ラゼル,0.026200322
ナミ,0.026188876
石サン,0.026047666
・ブラ,0.025853088
経済,0.025524907
ースニ,0.025283435
いよ,0.025272494
ンケイ,0.02443259
革会議,0.024427945
ンゴ,0.024039455
ット,0.023948714
訳機能,0.02393708
国際,0.023705054
空襲,0.023604965
東甲,0.023512647
寝台,0.023510337
クシ,0.023496851
ャパン,0.023489742
会社,0.023149095
白書,0.023096865
ースト,0.02287549
改革会,0.022771813
ジョブ,0.02260052
おや,0.022392493
規制改,0.02235778
バマ,0.02222349
制改革,0.021943746
やつ,0.021620337
から,0.021549333
オバ,0.021482706
姫路,0.02122808
国内,0.021220004
局地的,0.021197008
売電,0.020952722
天気,0.020840755
サンケ,0.02073929
スマー,0.020353032
ノー,0.0202454
飾決,0.019720023
決算,0.019720023
ジャパ,0.019517664
では,0.019440508
マート,0.019427896
スパ,0.01940834
甲信,0.01923762
イフ,0.019234879
首相,0.01909119
大気,0.019000119
大統,0.01846259
（サン,0.018434925
処分,0.018133333
スニュ,0.018059596
ーバル,0.018059596
横浜,0.018050855
契約,0.017908309
真夏,0.017812612
シン,0.017622638
粉飾,0.01752891
ローバ,0.01745761
引退,0.01737603
統領,0.01709499
サン,0.016974362
知事,0.016714422
逮捕,0.01647674
セブ,0.016464777
設立,0.01630959
作者,0.016247425
･ﾋ･蝪ｼ,0.016052974
ﾋ･蝪ｼ･,0.016052974
･蝪ｼ･ｹ,0.016052974
っと,0.015783213
ョブズ,0.015767805
解約,0.015759312
億円,0.0155205345
ブラ,0.01546766
真共,0.0153481485
有ア,0.0153481485
など,0.014962593
国船,0.014884381
よう,0.0146933105
都知,0.014625119
「強,0.014612302
リア,0.014210266
画館,0.014160963
ページ,0.0138456905
大空,0.013769562
バルナビ,0.013645029
アル,0.013501019
イス,0.013257994
強化,0.013230625
ワー,0.012958457
愛媛,0.012930113
ピッ,0.012876887
」推,0.012785764
パイ,0.01270364
シカ,0.012497469
気象,0.012468828
安定,0.012350077
プラ,0.012265193
イム,0.011981205
注意,0.011756323
聞）,0.011582252
爆発,0.011463649
トピ,0.011428583
シナ,0.0113966605
マツダ,0.011111462
ガシ,0.011108861
子会,0.0110484315
ニュ,0.010763779
カオ,0.010645992
南シ,0.010484928
もっ,0.010444773
売却,0.010156807
協議,0.010156807
推進,0.010075418
神奈,0.009893257
奈川,0.009893257
パナ,0.009877301
不明,0.009825884
女性,0.009723756
トップ,0.009631785
衣料,0.00952605
事故,0.009515913
赤字,0.009373101
ラゼ,0.009259552
ルタ,0.009194878
ナ海,0.009117329
共有,0.009007407
共和国,0.008946679
会議,0.008943112
人気,0.008936084
パン,0.0089146225
新聞デ,0.008901709
ーバ,0.008829136
機能,0.008561622
不安,0.008550053
された,0.008427812
新型,0.008409495
業界,0.008331646
局地,0.008312552
地的,0.008312552
調査,0.00803284
･ﾋ･蝪,0.008026487
ﾋ･蝪ｼ,0.008026487
･蝪ｼ･,0.008026487
蝪ｼ･ｹ,0.008026487
個人,0.007881481
改革,0.007867056
「」,0.0077087046
新聞,0.0076610097
ペー,0.007625163
シー,0.007625163
猛烈,0.0076000476
密漁,0.0074421903
ジャ,0.0074292473
買収,0.0071050585
黒人,0.006961326
宝石サ,0.006910605
革会,0.0069005494
訳機,0.0068391655
ケイ,0.006818397
規制,0.0066245273
バルナ,0.006621852
法案,0.006547219
拡大,0.0064116265
制改,0.006348505
・ブ,0.006250197
対立,0.0061753807
ゼル,0.006102886
体質,0.005670148
戦争,0.0056698197
意識調査,0.005618541
ヘルプ,0.005417879
翻訳,0.0052433605
ャパ,0.005167878
会話,0.005015388
万円,0.004931559
ルナビ,0.0048158923
容疑,0.0045522084
和国,0.0045013023
・ジ,0.0041446174
医療,0.0038643077
され,0.0036119192
･ﾋ･,0.0036119192
ﾋ･蝪,0.0036119192
･蝪ｼ,0.0036119192
蝪ｼ･,0.0036119192
ｼ･ｹ,0.0036119192
共和,0.0035662602
ｦｶ,0.0034141561
運営,0.0032736096
被害,0.003239897
非難,0.003191065
フォ,0.002812419
バル,0.0028092705
トッ,0.0028092705
電池,0.0025766871
れた,0.0024079462
作家,0.0023204419
意識調,0.0018059596
ルナ,0.0016052974
