中国,38145085/3340684518
して,161/40991
産経,33642063541/3991743423252
ニュ,30298166623404776553/1688791720971819868976
ュー,527286454187645576101/15199125488746378820784
ース,71676367168525580261/1688791720971819868976
人民,102/40991
共和,242/40991
和国,495/40991
てい,203/40991
ップ,132/40991
ード,700/40991
フォ,90/40991
ワー,372/40991
新聞,2691052808094/255577581609173
自衛,230/40991
衛隊,102/40991
ページ,495/40991
産経ニ,8494347/535014532
経ニュ,10372607/535014532
ニュー,27740379887662662059/307053040176694521632
ュース,248945858908952898665/2533187581457729803464
中華人,345/81982
華人民,345/81982
人民共,255/40991
民共和,645/81982
共和国,1287/40991
ワード,846/40991
自衛隊,405/40991
産経ニュ,15331925/401260899
経ニュー,1231901/20577482
ニュース,1494726100692937788421/7599562744373189410392
中華人民,490/40991
華人民共,440/40991
人民共和,660/40991
民共和国,1040/40991
産経ニュー,49733945/535014532
経ニュース,63475175/535014532
中華人民共,1875/81982
華人民共和,2025/81982
人民共和国,1650/40991
産経ニュース,22381191/133753633
中華人民共和,1755/40991
華人民共和国,2280/40991
中華人民共和国,6755/81982
イト,884888/29755297
ホワ,400/27357
ワイ,200/9119
トカ,180/9119
カラ,500/27357
ラー,940/27357
ー・,980/27357
・エ,560/27357
ゼン,940/27357
ンプ,416/9119
プシ,640/27357
ショ,160/9119
ョン,80/2487
労働,384/9119
ホワイ,600/9119
ワイト,700/9119
イトカ,700/9119
トカラ,620/9119
カラー,70/829
ラー・,840/9119
ー・エ,800/9119
ゼンプ,870/9119
ンプシ,80/829
プショ,620/9119
ション,780/9119
ホワイト,400/2487
ワイトカ,400/2487
イトカラ,4600/27357
トカラー,4960/27357
カラー・,4960/27357
ラー・エ,5000/27357
ゼンプシ,5240/27357
ンプショ,5120/27357
プション,1680/9119
ホワイトカ,8000/27357
ワイトカラ,250/829
イトカラー,850/2487
トカラー・,9050/27357
カラー・エ,8750/27357
ゼンプショ,9050/27357
ンプション,2800/9119
ホワイトカラ,4500/9119
ワイトカラー,4940/9119
イトカラー・,5080/9119
トカラー・エ,440/829
ゼンプション,420/829
ホワイトカラー,22190/27357
ワイトカラー・,7560/9119
イトカラー・エ,22750/27357
ホワイトカラー・,32320/27357
ワイトカラー・エ,10800/9119
ホワイトカラー・エ,1350/829
ラー・エグゼンプション,1161/829
ホワイトカラー・エグゼン,20628/9119
ワイトカラー・エグゼンプ,18828/9119
イトカラー・エグゼンプシ,17532/9119
トカラー・エグゼンプショ,16344/9119
カラー・エグゼンプション,16056/9119
経済,307730350176498009227/15845178354806070764793
サー,826/29367
新商,50/3263
商品,42/3263
財政,320/29367
検索,196/29367
もっ,266/29367
っと,112/9789
【人,58/3263
人事,50/3263
事】,64/3263
ネッ,112/9789
ット,196/9789
新商品,165/3263
もっと,105/3263
【人事,183/3263
人事】,183/3263
ネット,10/251
【人事】,424/3263
ガソ,560/19113
ソリ,760/19113
リン,1372/19113
ンド,1870/57339
価格,2068/57339
上昇,418/57339
ライ,1166/57339
写真,576/6371
真写,272/6371
時分,896/19113
水時,338/19113
ガソリ,2360/19113
ソリン,3200/19113
写真写,2125/19113
真写真,2125/19113
水時分,1378/19113
ガソリン,19280/57339
写真写真,3604/19113
銀行,63/13583
億元,108/13583
市場,88/13583
ロイ,144/13583
イタ,150/13583
ター,230/13583
金融,161/40749
００,54/13583
０億,99/13583
する,217/40749
株価,154/40749
株式,184/40749
為替,112/40749
情報,98/40749
ロイタ,711/27166
イター,549/13583
００億,27/1598
０億元,297/13583
ロイター,984/13583
００億元,558/13583
販売,179616018/6234968203
％減,159874965/6234968203
ック,273599739/6234968203
記事,595689328/6234968203
有料,357682470/6234968203
料会,406795808/6234968203
会員,402706200/6234968203
この,763862445/6234968203
追加,189508800/6234968203
［有,274156064/6234968203
員限,291843552/6234968203
限定,293738640/6234968203
定］,265312320/6234968203
有料会,1254288285/6234968203
料会員,1383389616/6234968203
［有料,1071176946/6234968203
会員限,1107678936/6234968203
員限定,1034718048/6234968203
限定］,981655584/6234968203
有料会員,2923142460/6234968203
［有料会,2569078904/6234968203
料会員限,2657516344/6234968203
会員限定,2520467040/6234968203
員限定］,2370123392/6234968203
［有料会員,4980097430/6234968203
有料会員限,5002206790/6234968203
料会員限定,4935878710/6234968203
会員限定］,4698239000/6234968203
［有料会員限,8231271636/6234968203
有料会員限定,8310865332/6234968203
料会員限定］,8151677940/6234968203
［有料会員限定,12729413746/6234968203
有料会員限定］,12729413746/6234968203
［有料会員限定］,18509898736/6234968203
売額,1904/78791
販売額,6018/78791
