「犬,836/105613
犬畜,648/105613
畜生,728/105613
生」,836/105613
靖国,2040/105613
国神,2048/105613
神社,1248/105613
ハン,522/105613
ング,1942492869070531455677111843302793385517156313971/28677047330703315782358136069510834048937562725120
グル,558/105613
落書,1110/105613
産経,198/105613
ニュ,28299732/1755182447
ュー,20736986961889911/501505317833339464
ース,3522127018660/77159575552567
ード,39143435/1755182447
ート,366531246/1882762951
返信,506/105613
ない,1044/105613
「犬畜,2442/105613
犬畜生,2412/105613
畜生」,2475/105613
靖国神,5472/105613
国神社,5472/105613
ハング,1620/105613
ングル,2133/105613
ニュー,171242718/1755182447
ュース,741215229/7020729788
「犬畜生,5500/105613
犬畜生」,5456/105613
靖国神社,11520/105613
ハングル,3816/105613
ニュース,350601078/1755182447
「犬畜生」,10560/105613
アレ,11064528/142474687
レル,20157719/284949374
ルギ,15899039/284949374
ギー,14961487/142474687
ック,301524311704/12378350095037
アレル,147632457/569898748
レルギ,231695769/1139797496
ルギー,314158359/1139797496
アレルギ,70818607/142474687
レルギー,163365893/284949374
アレルギー,1204918895/1139797496
ピジ,306/16619
ジョ,261/16619
ョン,414/16619
離乳,207/16619
乳食,279/16619
自主,189/16619
主回,261/16619
回収,544/16619
ペー,592/16619
ワー,656/16619
写真,162/16619
時分,624/16619
新聞,286/16619
ピジョ,1647/33238
ジョン,1134/16619
離乳食,810/16619
自主回,1539/33238
主回収,945/16619
ピジョン,2250/16619
自主回収,1926/16619
ポー,355478844/1564352185
ーズ,369225319/1564352185
する,26431860998727207549/287017861628891259368
ポーズ,1977802377/3128704370
姿勢,400/43961
しく,2988/43961
える,2890/43961
ると,1740/43961
コー,1908/43961
シー,2220/43961
ヨガ,1050/43961
ロハ,984/43961
ハス,2136/43961
りの,2196/43961
ロハス,4860/43961
生後,18762885/571456624
から,215166784095392526292602728712923989027/2119726310068698317932942113048209231360
ちゃ,1783116405703653/44011603011551210
ゃん,2578236724305912/44527232073570505
予防,4530138/35716039
防接,5273892/35716039
接種,75423417/285728312
みん,952903648821378533824873935351854603391/15840476112225593681013745552260883458560
ファ,611886069902123136431451/15781968670111115343262480
ァミ,3819699922864152769937487/110473780690777807402837360
ます,1224233847199/9682189580432
スケ,1994613/35716039
ケジ,1284666/35716039
ジュ,1217052/35716039
リー,683871700372609528551377/7890984335055557671631240
して,20697586499893661/172270358109836360
です,8227525721062453/83005411273043536
ちゃん,766459616783793/5029897487034424
予防接,17951517/35716039
防接種,20994147/35716039
ファミ,119870117223021431365657179/883790245526222459222698880
スケジ,11257731/71432078
ケジュ,4361103/35716039
ジュー,14097519/71432078
予防接種,45707064/35716039
スケジュ,11832450/35716039
ケジュー,13860870/35716039
ディング,2583843756243984999473917428451344169237/3709521042620222056382648697834366154880
スケジュー,26200425/35716039
ケジュール,261497145/571456624
ウェディン,3127451687466782490501561723345114589789/2967616834096177645106118958267492923904
ェディング,856055491543927129458770520842696158217/741904208524044411276529739566873230976
スケジュール,117344097/142864156
ウェディング,1912933501028430440444037495626700513987/1059863155034349158966471056524104615680
んな,99045899055540843374/798037696262329066555
なの,229932890907031267/768082479559508245
ウェ,180205584129656758813593301/1514369101030535833959832880
ェデ,91819052494605012345987857/605747640412214333583933152
ディ,520757015154039120809194147/3028738202061071667919665760
ィン,342800423661794149484155929/1514369101030535833959832880
結婚,1433918812969222519591/6384301570098632532440
婚式,2132701071458/22224943985965
ラン,17699326506323679/69825679959955295
ップ,102548319/611163041
みんな,31998832301967/89616717272060
んなの,51662144246913/89616717272060
ウェデ,2766906267737818348705085349/6057476404122143335839331520
ェディ,2633635708113152553300840411/6057476404122143335839331520
ディン,541461511433555376826831473/865353772017449047977047360
ィング,555380080465964428505856687/865353772017449047977047360
結婚式,2940361823440239/8216879290811060
みんなの,22835610814408/22404179318015
ウェディ,183467866462706377149325513/189296137628816979244979110
ェディン,224222414351820771040161927/189296137628816979244979110
梅雨,2436/17827
おす,3625/17827
すす,2775/17827
すめ,4125/17827
デー,9849/17827
ット,4136/17827
おすす,14625/35654
すすめ,16125/35654
デート,31311/17827
おすすめ,16200/17827
髪型,186/7273
ヘア,2318/36365
ァミリ,2871/36365
ミリー,4257/36365
ファミリ,6952/36365
ァミリー,8228/36365
ファミリー,2959/7273
した,25863418/114250495
って,12173275537819099175569/100131958670276109071440
ブレ,2394/35317
レタ,3024/35317
ター,6318/35317
告白,2200/35317
ラブレ,8631/35317
ブレタ,8883/35317
レター,12285/35317
ラブレタ,20328/35317
ブレター,23940/35317
ラブレター,42735/35317
トイ,8382/36599
イレ,6572/36599
レト,5130/36599
トレ,6210/36599
レー,5712/36599
ーニ,4160/36599
ニン,3480/36599
アプ,1856/36599
プリ,2414/36599
トイレ,23064/36599
イレト,13338/36599
レトレ,10089/36599
トレー,15480/36599
レーニ,12120/36599
ーニン,12360/36599
ニング,10500/36599
アプリ,6192/36599
トイレト,24092/36599
イレトレ,22420/36599
レトレー,24016/36599
トレーニ,27440/36599
レーニン,25920/36599
ーニング,25120/36599
トイレトレ,37715/36599
イレトレー,43035/36599
レトレーニ,39900/36599
トレーニン,48500/36599
レーニング,45200/36599
トイレトレー,65436/36599
イレトレーニ,65664/36599
レトレーニン,66234/36599
トレーニング,75960/36599
トイレトレーニ,95228/36599
イレトレーニン,100548/36599
レトレーニング,99484/36599
トイレトレーニン,139080/36599
イレトレーニング,143184/36599
トイレトレーニング,191520/36599
てし,6336/34283
しま,6250/34283
まう,4000/34283
彼氏,2332/34283
てしま,15708/34283
しまう,13380/34283
てしまう,28240/34283
こと,8056794/145252339
おで,1236/16943
でか,1469/16943
かけ,1575/16943
ント,756/16943
ママ,848/16943
おでか,3240/16943
でかけ,3060/16943
おでかけ,5952/16943
った,672/3235
プロ,13056/35585
ロポ,10488/35585
女性,288/3235
プロポ,39192/35585
ロポー,42918/35585
プロポー,96968/35585
ロポーズ,92368/35585
プロポーズ,35144/7117
食物,1712/8573
物ア,1092/8573
食物ア,4017/8573
物アレ,6903/17146
食物アレ,8450/8573
物アレル,7800/8573
食物アレル,15405/8573
物アレルギ,13020/8573
食物アレルギ,22752/8573
物アレルギー,23292/8573
食物アレルギー,36498/8573
