ランキングカセット,3.812049
ンキングカセット,2.7520587
ランキングカセッ,2.7023377
ネットショップ,2.1550467
キングカセット,2.0317254
人気記事ランキング,1.958401
サムライト,1.9082292
ンキングカセッ,1.8555266
ランキングカセ,1.8533512
株式会社,1.7390954
んです,1.6434907
業ブログ,1.4989355
気記事ランキング,1.4865457
サイボウズ,1.4558414
ットショップ,1.4382131
ングカセット,1.405862
サイボウズ式,1.3373288
人気記事ランキン,1.3356875
キングカセッ,1.308906
ランキングカ,1.256699
ンキングカセ,1.1933047
記事ランキング,1.1464792
一人暮らし,1.1388274
ランキング,1.1014766
ムライト,1.0847759
サムライ,1.0191028
気記事ランキン,0.9685006
メディア,0.95574266
人気記事ランキ,0.9551522
株式会,0.87313515
ングカセッ,0.84525746
グカセット,0.8095204
さん,0.796413
サイボウ,0.7948427
イボウズ,0.7942536
キングカセ,0.7939826
イボウズ式,0.7936137
事ランキング,0.79200506
ってい,0.75351095
ンキングカ,0.7520305
業ブロ,0.74095106
記事ランキン,0.71699977
式会社,0.68828654
んで,0.6750548
気記事ランキ,0.6661487
人気記事ラン,0.62419665
人暮らし,0.62253463
ンキング,0.6027415
カセット,0.6023336
ランキン,0.60212636
ライト,0.55323124
コデラ総研,0.5025066
います,0.4955599
かない,0.49256918
ムライ,0.4881975
ブログ,0.4869501
記事ランキ,0.4767286
キングカ,0.46862066
ている,0.4680496
ングカセ,0.4661346
事ランキン,0.45448124
てい,0.44153497
サムラ,0.433918
ディア,0.43297547
グカセッ,0.41392753
気記事ラン,0.40892717
メディ,0.3927381
サイボ,0.37409163
ボウズ式,0.3711984
イボウ,0.37087005
ランキ,0.35081857
キング,0.3500802
人気記事ラ,0.32523483
コデラ総,0.30897927
ボウズ,0.30468896
ショッ,0.30065536
した,0.2923556
暮らし,0.29107967
セット,0.2845369
事ランキ,0.27968076
記事ラン,0.2771382
ティ,0.27683616
ンキン,0.27635697
チーム,0.2735959
いま,0.26380834
らし,0.26299074
式会,0.25710255
デラ総研,0.2524992
して,0.24540195
ングカ,0.2451868
株式,0.2425939
カセッ,0.23868486
業ブ,0.238467
一人暮,0.2299202
です,0.22870064
いう,0.21180983
ウン,0.21149755
かな,0.19566314
ブロ,0.1944331
ング,0.19380234
ラン,0.1935797
人気記事,0.19238646
けの,0.19079825
って,0.18987526
てしま,0.18911992
気記事ラ,0.1839113
すよ,0.179904
ます,0.17891736
ィア,0.17823824
ない,0.17721039
グカセ,0.17340207
この,0.17222239
いる,0.17186996
コデラ,0.16071905
ウズ式,0.15662035
岩上,0.15430501
メデ,0.15237483
青野,0.15098663
ように,0.14819549
ンキ,0.1436005
ムラ,0.14200953
サイ,0.14158526
社長,0.14103146
キン,0.13864875
ーム,0.13818315
する,0.1372975
片付,0.1371659
デラ総,0.13704726
サム,0.13674992
その,0.13593929
イボ,0.13425484
ディ,0.13179973
ので,0.1311035
しま,0.1294605
記事,0.12906505
ライ,0.12399513
るの,0.1237155
口臭,0.123366244
企業,0.123007305
チー,0.122192815
ョッ,0.1190912
ット,0.11903872
ラ総研,0.11835899
エリア,0.1090755
リア,0.09331828
ボウ,0.08828095
ウズ,0.08769652
ズレ,0.08221178
こと,0.0811375
てし,0.07730148
から,0.075140946
仕事,0.07386214
セッ,0.073737584
った,0.07297548
一人,0.07213183
コラ,0.06994276
うに,0.069860615
会社,0.06551847
人暮,0.06311534
よう,0.061234895
人気,0.06055658
カセ,0.06004664
グカ,0.05966523
デラ,0.055649493
ラ総,0.055649493
りま,0.050372757
ズ式,0.044105735
依頼,0.04215689
コデ,0.040698882
上司,0.039785173
（）,0.039037704
ため,0.03707435
れば,0.03352811
ック,0.03304453
エリ,0.026951056
編集,0.024917683
原因,0.014184969
総研,0.012458841
効果,0.0076566595
