“”“”“”“”“”“”,54.45
“”“”“”“”“”,54.0
”“”“”“”“”“”,47.4375
“”“”“”“”“”“,47.4375
“”“”“”“”,45.5
”“”“”“”“”,45.0
“”“”“”“”“,45.0
”“”“”“”“”“,40.5
フライ井村のカブトク,37.992596
”“”“”“”“,36.4
”“”“”“”“”“”“,36.3
”“”“”“”,35.437496
“”“”“”“,35.437496
“”“”“”,31.5
子育て世帯臨時特例給付金,29.320328
ライ井村のカブトク,28.688148
フライ井村のカブト,27.969416
”“”“”“,26.25
子育て世帯臨時特例給付,22.590113
育て世帯臨時特例給付金,22.443804
”“”“”,21.75
“”“”“,21.75
イ井村のカブトク,21.245949
ネットショッ,20.588297
ライ井村のカブト,20.348806
フライ井村のカブ,19.832272
て世帯臨時特例給付金,17.051651
子育て世帯臨時特例給,17.02505
育て世帯臨時特例給付,16.745733
“”“”,15.75
井村のカブトク,15.212331
トショップ,15.081737
イ井村のカブト,14.415437
マクロ,13.932449
ライ井村のカブ,13.737484
ネットショ,13.602926
”“”“,13.5
ットショッ,13.098539
ショップ,12.712329
子育て世帯臨時特例,12.581245
て世帯臨時特例給付,12.270007
育て世帯臨時特例給,12.126358
世帯臨時特例給付金,12.078475
て結果を受け取る方法あれ,11.943758
結果を受け取る方法あれこ,11.792372
果を受け取る方法あれこれ,11.681784
．マクロ,11.104028
村のカブトク,10.5720005
行して結果を受け取る方法,10.322397
で外部コマンドを実行して,9.866354
井村のカブト,9.7462225
部コマンドを実行して結果,9.544731
イ井村のカブ,9.154924
帯臨時特例給付金,8.948792
トショッ,8.5300665
結果を受け取る方法あれ,8.218628
”“”,8.1375
“”“,8.1375
果を受け取る方法あれこ,8.124489
ットショ,8.101229
して結果を受け取る方法,7.958535
ネットシ,7.952241
を受け取る方法あれこれ,7.839903
ットショップ,7.5708003
のカブトク,7.144851
外部コマンドを実行して,6.863921
コマンドを実行して結果,6.8298626
フライ井村,6.368105
村のカブト,6.303781
果を受け取る方法あれ,6.249914
て結果を受け取る方法,6.0928245
ネットショップ,6.026173
ョップ,5.984108
を受け取る方法あれこ,5.9045215
井村のカブ,5.692093
カブトク,5.474604
マンドを実行して結果,5.4467306
結果を受け取る方法,5.2592516
部コマンドを実行して,5.2201414
で外部コマンドを実行,5.214816
受け取る方法あれこれ,5.120597
．マク,4.990731
ている,4.829504
を受け取る方法あれ,4.7790985
外部プログラム,4.303189
受け取る方法あれこ,4.273814
ットシ,4.227538
クォート,4.1150613
マク,4.0583043
クロ,3.998052
ました削除画像で検索検索,3.9157896
のカブト,3.9012077
ツールこの検索キーワード,3.8842106
入力ツールこの検索キーワ,3.8842106
細入力ツールこの検索キー,3.8842106
れました削除画像で検索検,3.8526316
検索キーワードはウェブ履,3.8526316
力ツールこの検索キーワー,3.8526316
されました削除画像で検索,3.8210528
の検索キーワードはウェブ,3.8210528
子育て世帯,3.8173354
け取る方法あれこれ,3.7523644
この検索キーワードはウェ,3.694737
フライ井,3.5645368
ンドを実行して結果,3.5543284
サムライト,3.4984374
索キーワードはウェブ履歴,3.4421053
テクノロジー,3.4087403
トショ,3.3497496
ライ井村,3.3482616
ードはウェブ履歴から削除,3.3473685
村のカブ,3.28952
ェブ履歴から削除されまし,3.2526317
ウェブ履歴から削除されま,3.2526317
ーワードはウェブ履歴から,3.2210526
株式会社,3.2038236
“”,3.2
ブ履歴から削除されました,3.1578948
はウェブ履歴から削除され,3.1578948
ない,2.996212
れる,2.9808106
ら削除されました削除画像,2.9052632
から削除されました削除画,2.8736842
歴から削除されました削除,2.8736842
るの,2.8491015
部プログラム,2.8102455
”“,2.8
ブトク,2.7984707
外部プログラ,2.7838995
バッククォート,2.682085
ポイントを確認,2.491866
アップル,2.435457
フライ,2.4034226
給付金,2.4021282
外部プログラムを起動,2.3021433
いる,2.3014517
クノロジー,2.2982006
カブト,2.2785363
バッククオート,2.2502093
クォー,2.1915178
テンプレート,2.1765146
には,2.17498
一人暮らし,2.0877874
「楽天カフェ」,2.016834
ムライト,1.9885048
育て世帯,1.9552206
方法あれこれ,1.9048686
部プログラムを起動,1.8799791
ッククォート,1.8764238
アップ,1.872753
サムライ,1.8677688
書き捨てスクリプト,1.8630422
プログラム,1.8348144
サービス,1.7894998
ロボット,1.7872751
テクノロジ,1.7686375
メディア,1.7531769
バッククォー,1.7521573
イントを確認,1.722488
．マ,1.697786
部プログラ,1.6905384
株式会,1.5992522
外部プログ,1.5807631
ライ井,1.561988
ッククオート,1.5368531
する,1.5173872
マネトク,1.5162935
バッククオー,1.5061162
プログラムを起動,1.5004704
ショッピング,1.4970133
ォート,1.494532
イ井村,1.4838886
ンプレート,1.4397906
書き捨てスクリプ,1.4352326
「楽天カフェ,1.3963526
スポーツ,1.3885602
楽天カフェ」,1.3812453
き捨てスクリプト,1.3800313
ノロジー,1.3573265
を確認ログイン履歴を確認,1.355024
します,1.3185525
ファクトリエ,1.3020021
それ,1.2916778
ニュース,1.2873983
テンプレー,1.283969
クリップボード,1.2736158
ります,1.2700075
式会社,1.2660608
方法あれこ,1.2613834
サイバー攻撃,1.2529693
ントを確認ポイントを確認,1.2325358
検索検索,1.231579
では,1.22248
トシ,1.2203783
トク！,1.2192419
ククォート,1.2167759
法あれこれ,1.1842725
ッククォー,1.1546427
人暮らし,1.1410902
ップル,1.1210163
引数,1.1197208
確認ログイン履歴を確認,1.1157895
ントを確認,1.090909
使いません,1.0886042
れます,1.0695587
ログラムを起動,1.0582331
プログラ,1.0571877
クノロジ,1.0467867
き捨てスクリプ,1.0406692
ポイントを確認ポイント,1.0315789
トを確認ポイントを確認,1.0315789
ます,1.0234721
ービス,1.0170195
ライト,1.0139127
トク,1.0052266
取れる,1.0048909
ククオート,0.99895453
こと,0.99749243
イイヅカアキラ,0.9945887
書き捨てスクリ,0.983586
ッククオー,0.9733403
実行して,0.9687834
をすべて,0.9651127
テクノロ,0.96246785
います,0.9591435
楽天カフェ,0.95365274
ョッピング,0.9528214
ショッピン,0.95129526
トピッ,0.95023835
ってい,0.94622767
バッククォ,0.94235414
ログラム,0.9346576
捨てスクリプト,0.9308939
確認ログイン履歴を確,0.9122807
「楽天カフ,0.9046437
関数,0.9035743
を確認ログイン履歴を,0.8995215
認ログイン履歴を確認,0.8995215
ムライ,0.89442325
ブログ,0.8918198
て世帯,0.87984926
ファクトリ,0.87778413
サービ,0.87648964
クォ,0.873833
クリップボー,0.87345093
ブト,0.86146003
外部プロ,0.8606378
給付,0.8583463
てい,0.8489151
ポイントを確認ポイン,0.8484848
イントを確認ポイント,0.8484848
を確認ポイントを確認,0.8484848
部プログ,0.8430737
スポー,0.84023666
サイバー攻,0.836666
リップボード,0.83264226
され,0.82471573
アッ,0.8240682
ロッカー,0.8207489
ュース,0.819446
イバー攻撃,0.8163695
ロジー,0.8159383
ロボッ,0.8112146
るので,0.8041493
スクリプト,0.7987454
ボット,0.7960315
サムラ,0.7957766
ディア,0.7940109
索検索,0.78157896
検索検,0.78157896
ァクトリエ,0.7806478
ンプレー,0.7778609
天カフェ」,0.7769505
バッククオ,0.7748301
プレート,0.7728746
ウェブ履歴,0.7631579
電子書籍,0.76289904
業ブログ,0.74946773
グラムを起動,0.74898064
使いませ,0.7428123
ネトク,0.7412991
方法あれ,0.7392785
法あれこ,0.7387734
メディ,0.7205639
書き捨てスク,0.71510714
ポーツ,0.71005917
決済手数料,0.7082495
を確認ログイン履歴,0.7062201
ログイン履歴を確認,0.7062201
よう,0.70152044
検索,0.6995629
イヅカアキラ,0.6954229
イントを確認ポイン,0.69473684
展開,0.69234794
あれこれ,0.6836047
ククォー,0.68346566
ポイントを確認ポイ,0.68325365
ントを確認ポイント,0.68325365
確認ポイントを確認,0.68325365
マネト,0.6823321
き捨てスクリ,0.68123364
ップ,0.6807262
捨てスクリプ,0.6774699
されま,0.6731489
コンマ,0.6686612
いません,0.66596967
ニュー,0.66030765
イン,0.6592371
クオート,0.655724
ク！,0.65440065
ポイント,0.6517127
して,0.6453983
フラ,0.6420292
てスクリプト,0.6398327
テンプレ,0.6382448
付金,0.626912
ある,0.6204809
イイヅカアキ,0.6186956
ログイン,0.61683095
ありま,0.60957366
ソフトウェア,0.6045888
って,0.60313874
セック,0.6022284
を指定,0.59719145
ソニー,0.59048134
ククオー,0.589127
確認ポイントを確,0.5869218
子育,0.5816892
楽天カフ,0.5755908
トを確認,0.57416266
サイバー,0.56577563
きます,0.5631929
ョッピン,0.56108594
ッピング,0.56084454
を確認ポイントを,0.5562998
ントを確認ポイン,0.5562998
イントを確認ポイ,0.5562998
コマンド,0.55568117
トピック,0.55438787
絵画に隠された絵画,0.5511962
グイン履歴を確認,0.5511962
「楽天カ,0.5499083
ッククォ,0.54677254
を確認ログイン履,0.5460925
ップボード,0.5444897
認ポイントを確認,0.5358852
トを確認ポイント,0.5358852
ポイントを確認ポ,0.5358852
メール,0.5343913
暮らし,0.5333731
リップボー,0.52974635
ていま,0.5260532
イバー攻,0.51417744
井村,0.5136234
展開形,0.5104712
クリップボ,0.50334895
続きを,0.49880585
フェイスブック,0.49698415
の座標,0.49593496
クノロ,0.49511567
オープン,0.49070176
です,0.48970318
カブ,0.48935008
イ井,0.48862186
ラムを起動,0.48301095
き捨てスク,0.47987452
ァクトリ,0.47977233
確認ログイン履歴,0.47974482
天カフェ,0.47890365
ツール,0.47368422
ノロジ,0.47352186
式会,0.4710173
カード,0.46918654
ォー,0.46696898
標準出力,0.46617877
スクリプ,0.46502876
ファクト,0.46483132
クリプト,0.4616832
クトリエ,0.45692602
ピック,0.45402527
グラム,0.45164663
てスクリプ,0.45164663
を確認,0.4500785
ニュース個人,0.44916388
株式,0.4437475
楽天市場,0.44314954
ントを確認ポイ,0.4421053
ログラ,0.44161
をすべ,0.439251
ピクセル,0.4390244
バー攻撃,0.43659982
ート,0.43427157
トを確認ポイン,0.43317384
イントを確認ポ,0.43317384
ポー,0.4315002
ッカー,0.43121377
ッククオ,0.4303189
いませ,0.43031883
プログ,0.42655516
外部プ,0.42592782
行して,0.42401218
一人暮,0.42165825
使いま,0.42090955
「楽天」,0.4202392
プル,0.4199788
サー,0.4191932
画に隠された絵画,0.4185008
絵画に隠された絵,0.4185008
ショッピ,0.4168273
ービ,0.41324002
カフェ」,0.41149598
すべて,0.41145357
バックク,0.41106898
イヅカアキ,0.40965733
フトウェア,0.40775114
捨てスクリ,0.40773654
を確認ログイン,0.4063796
を確認ポイント,0.4063796
イン履歴を確認,0.40191388
ェブ履歴,0.4
ウェブ履,0.4
ネット,0.3974445
あれこ,0.39534098
テクノ,0.3948586
ーン,0.3917738
法あれ,0.39082968
部プロ,0.3907998
イラン,0.3898009
レート,0.38893044
ール,0.3881526
ウン,0.38721573
ーク,0.38658777
イイヅカア,0.38544908
決済手数,0.3830986
いて,0.37717178
まれる,0.37180486
ので,0.37178472
ヅカアキラ,0.37138197
業ブロ,0.37047553
写真・,0.3676801
定義,0.36691153
まし,0.363999
ジー,0.36381748
ックス,0.36240736
グイン,0.36233115
しま,0.3616122
クオー,0.36116046
電子書籍市場,0.3603407
電子書,0.36016864
ポイン,0.3578307
確認ログイン履,0.3572568
ブロ,0.35683846
いま,0.35582462
済手数料,0.34929577
ェイスブック,0.3484382
ーツ,0.34714004
認ログイン履歴,0.34385964
イント,0.34309143
要素,0.34146342
れこれ,0.33665973
プレー,0.33657444
結婚指輪,0.3348379
ソフトウェ,0.33290368
ニュース個,0.33091733
クリップ,0.330709
ンプレ,0.329095
ません,0.32775742
ィア,0.32677925
パスワード,0.32594642
楽天カ,0.32389122
イバー,0.32185706
テンプ,0.32161555
そばもん,0.3205763
フェイスブッ,0.31884342
ップボー,0.31847614
集客,0.31751025
索検,0.31578946
イト,0.3142841
子書籍,0.3118995
イーベイ,0.31091198
コン,0.30914983
に隠された絵画,0.30366826
絵画に隠された,0.30366826
アクセス,0.30332375
シー,0.3007712
セッ,0.29915822
ッピン,0.2966063
ロッカ,0.29655966
りま,0.29655945
オート,0.29584423
マイクロソフト,0.2928716
プボード,0.29103026
トピ,0.28751248
ロジ,0.28676093
ライ,0.28579733
「楽天,0.28425175
る方法,0.28381374
メデ,0.27972752
ゲーム機,0.27605987
ピング,0.27477902
ムを起動,0.27349713
ープン,0.27268803
捨てスク,0.270988
ピッ,0.27068007
ンマ,0.26925954
電子書籍市,0.26672786
ュース個人,0.26613542
スワード,0.26195988
ムラ,0.26043597
ン履歴を確認,0.26028708
リップボ,0.2583578
スマホ,0.25833485
いう,0.258028
マンド,0.25802183
リブセンス,0.25692588
ログイ,0.2566282
ニー,0.2532939
クトリ,0.25275204
した,0.25258017
証券,0.2524425
カフェ,0.25223914
てスクリ,0.25091478
とか,0.2508342
サム,0.2507902
メー,0.25063282
ック,0.24736208
ビス,0.24651271
コマン,0.24598598
トウェア,0.2448741
イスブック,0.2448378
ネト,0.24429172
ライン,0.243746
イヅカア,0.24360459
バー攻,0.24355775
ボッ,0.24293059
コピー,0.24292491
天カフ,0.24247329
楽天市,0.24171792
オープ,0.23885831
実行,0.23873562
ショッ,0.23826319
ュー,0.2381719
きを,0.23797303
クリプ,0.2358599
クセル,0.23577236
ロボ,0.2342545
ー攻撃,0.23408605
マネ,0.23054755
準出力,0.23052795
イイヅカ,0.23031007
フェイスブ,0.22942246
標準出,0.22668582
エラー,0.22582331
コミック,0.22557406
パズドラ,0.22438933
などを,0.22337326
万円,0.22286265
スポ,0.2209073
トリエ,0.21700034
ウェア,0.21655066
カアキラ,0.21368186
リプト,0.21076842
ェイスブッ,0.21007477
ァクト,0.20792902
ュース個,0.2059009
プラン,0.20580627
ネット検閲,0.20559995
楽天」,0.20531054
指定,0.20399113
カー,0.20316742
タイ,0.20187896
フトウェ,0.20108275
イーベ,0.200439
ーベイ,0.19944674
パスワー,0.19917612
をす,0.19893786
イクロソフト,0.1982948
ファク,0.19672325
い場合,0.19571353
スクリ,0.19320437
サイバ,0.19195959
ョッピ,0.18950896
ション,0.18947369
ロハス,0.188162
クリッ,0.18690306
子書籍市場,0.18584909
を起動,0.18567693
決済手,0.18229376
マイクロソフ,0.18141866
ヅカアキ,0.18119939
あれ,0.18080768
ソフトウ,0.17963393
った,0.17841154
スマ,0.17606013
ログ,0.17512846
フェ」,0.17481385
れま,0.17407538
ツー,0.17368421
ブ履歴,0.17368421
ェブ履,0.17368421
ウェブ,0.17368421
テク,0.17320052
れこ,0.17227867
これ,0.17227867
プト,0.16978568
業界最安水準,0.16901408
グラ,0.16727653
イスブッ,0.16333945
ーム機,0.16070628
コード,0.16006765
きま,0.15964523
ボード,0.15952769
非公開情報,0.15888543
スブック,0.15815806
てスク,0.15807632
サイト,0.1566156
天市場,0.1564692
ノロ,0.15526992
部プ,0.15514898
透明度,0.15447155
ブセンス,0.1536753
婚指輪,0.15264669
ネット企業,0.15232463
音楽,0.15199229
ネット検,0.15171756
スワー,0.1510058
ンプ,0.1508352
リップ,0.15042734
済手数,0.14969818
スク,0.1492943
ース個人,0.148622
バー,0.14854015
手数料,0.14797355
決済,0.14594929
臨時,0.14586566
クノ,0.14498715
スト,0.14433897
ばもん,0.14317875
クス,0.14311771
ませ,0.14260325
開形,0.1421092
プボー,0.14107262
ゲーム,0.14094798
ショ,0.1407609
真・,0.14057398
リプ,0.14051229
電子,0.13846904
フェイス,0.13836668
結婚指,0.13787444
イー,0.13782714
あり,0.13712291
動画,0.13683543
写真,0.13651606
バック,0.13612127
その,0.13593929
ェイスブ,0.13583456
べて,0.13547415
クセス,0.13393517
そばも,0.13372354
）ニュース,0.13316417
一人,0.13228494
中国市場,0.13121808
世帯,0.13034804
ネッ,0.12890384
京東商城,0.12811814
イヅカ,0.12765066
オー,0.12757862
子書籍市,0.12596437
ソニ,0.12584028
ラム,0.12545739
ップボ,0.12541424
リブセン,0.12486118
口臭,0.123366244
たい,0.12294825
グイ,0.12221247
ピー,0.12201708
ランキング,0.12071895
ポイ,0.119458675
業ブ,0.1192335
クロソフト,0.11866046
ククオ,0.11855724
ピン,0.1182677
ドラ,0.11739352
マイクロソ,0.11690252
ックク,0.11636174
イラ,0.115962274
ズドラ,0.11587273
人暮,0.11574932
（読売新聞）,0.11555353
トリ,0.11510109
すべ,0.114481576
しか,0.11416624
アル,0.11369795
ー攻,0.11366028
アクセ,0.113254
イクロソフ,0.11250769
ミック,0.11244935
楽天,0.11067147
ット検閲,0.109375
アキラ,0.108606786
ラー,0.107056975
ッカ,0.10542973
出力,0.105384216
ース個,0.10463127
カアキ,0.10374174
ヅカア,0.102695376
まれ,0.102670826
任天堂,0.10248079
エラ,0.10245688
など,0.10079182
イイヅ,0.099768855
絵画,0.09952153
クリ,0.09859025
トウェ,0.098530546
億ドル,0.097884655
パズド,0.097350046
とき,0.09702039
子書,0.0969398
天カ,0.095140465
フトウ,0.094508894
カフ,0.09442107
トピックス,0.09424505
外部,0.09409305
コミッ,0.09320126
業務提携,0.09278619
ラン,0.09275342
ティ,0.09227872
設定,0.092050746
ョッ,0.091438904
確認,0.09115967
センス,0.09004412
どを,0.08920542
公開情報,0.08916555
人間,0.08865681
書籍,0.088278316
召喚命令,0.08801956
ンド,0.088008925
クト,0.087827824
らし,0.087663576
広告,0.08740637
ット企業,0.08740283
ネット企,0.08656242
コピ,0.0859082
ロッ,0.085494675
プレ,0.0850162
マン,0.08424519
デジタル,0.083014995
公開範囲,0.082714364
ェア,0.08249549
ース,0.08177992
書籍市場,0.08122294
ーベ,0.080704816
ーム,0.07990986
イスブ,0.0790867
イバ,0.07872027
「楽,0.07705307
業界最安水,0.076171316
非公開情,0.07493701
界最安水準,0.07473412
ェイス,0.074393325
世界最悪,0.07437803
ハス,0.07393562
スブッ,0.073847435
プン,0.073810294
（読売新聞,0.07243784
読売新聞）,0.07200408
ット検,0.07156488
リッ,0.071036115
マイクロ,0.07102048
ブック,0.070900485
ゲー,0.07069148
）ニュー,0.07044254
ワード,0.069871135
投稿,0.06883847
結果,0.067457706
ソフト,0.06698848
イクロソ,0.06680144
ンキング,0.06652956
透明,0.06651885
標準,0.06601644
コマ,0.065947525
プラ,0.065919325
中国市,0.06534015
ファ,0.06454673
リー,0.06320866
リエ,0.06245183
せん,0.062101413
ボー,0.061976142
ロソフト,0.061176058
ッピ,0.061106235
ブセン,0.06050965
マホ,0.059759643
ピックス,0.05938713
方法,0.05911143
クオ,0.05854679
天」,0.058448765
天市,0.058271285
商品,0.05807017
ランキン,0.057945095
ス個人,0.057358105
クロソフ,0.056957018
ンス,0.056909066
コー,0.056764632
同性婚,0.05611393
フェイ,0.056056954
紹介,0.055953316
評価,0.055689793
東商城,0.05567751
京東商,0.05567751
国市場,0.055660125
指輪,0.055478048
場合,0.055000186
ァク,0.05478369
アク,0.05449323
被災地,0.05406715
サイ,0.053653788
しい,0.053622067
ョン,0.05263158
ブ履,0.05263158
ェブ,0.05263158
準出,0.05122844
読売新聞,0.05074986
もん,0.04952724
ページ,0.04923703
ェ」,0.047480308
書籍市,0.04697852
済手,0.04668008
イヅ,0.04647617
ウェ,0.046213757
地図,0.045933012
人気,0.04575375
ベイ,0.045644525
キー,0.045593493
佐俣,0.04480753
セス,0.044645056
品質,0.044111542
クク,0.04391009
ット企,0.04349131
工場,0.04347912
ワー,0.043242652
数料,0.043000862
そば,0.042773526
開情報,0.04268564
婚指,0.04267542
最安水準,0.04254096
ロハ,0.0423676
履歴,0.042105265
画像,0.042105265
ト検閲,0.041954916
リブセ,0.04178047
ドル,0.04166833
提供,0.041437358
売新聞）,0.040946897
以上,0.040191386
ジタル,0.04011061
務提携,0.039877214
業務提,0.039877214
カア,0.03972318
公開範,0.039218016
ばも,0.038721297
イス,0.03866665
マイク,0.038498726
デジタ,0.038314614
手数,0.037941936
イイ,0.037772167
結婚,0.037751332
発表,0.037745308
召喚命,0.03772267
ズド,0.037719678
ため,0.03707435
「」,0.037006352
バッ,0.036591742
ト企業,0.036557913
削除命令,0.036498092
イクロ,0.036389206
喚命令,0.03615089
宮古島沖,0.035524905
座標,0.035476718
（読売新,0.035394777
時分,0.035293095
表示,0.03503516
トウ,0.033960644
起動,0.0338735
世界最,0.033745587
れば,0.03352811
公開情,0.033437084
企業,0.033245604
ード,0.032433584
ミッ,0.03241783
界最悪,0.032368217
開範囲,0.032087468
米国,0.031730194
ニュ,0.031669516
ット,0.031583738
ージ,0.031360067
キラ,0.031232812
ペー,0.030880205
攻撃,0.03079051
情報,0.030775834
受取,0.0307452
非公開,0.030591374
アキ,0.030536896
フト,0.03022966
キング,0.03014758
経営者,0.03012999
から,0.030035606
価格,0.029289117
取引,0.02873678
共和国,0.028628128
クロソ,0.028478509
記事,0.028326781
スワ,0.02814445
セン,0.027373413
天堂,0.027328212
任天,0.027328212
ヅカ,0.027291872
削除,0.027016373
女性,0.026675897
台湾紙,0.025991669
億ド,0.025743365
プボ,0.025510902
籍市場,0.025296126
コミ,0.025213867
ス個,0.025212355
売新聞,0.025049612
販売,0.024862152
フェ,0.024655096
スブ,0.024550278
購入,0.024312079
中国,0.023764357
クセ,0.023635618
）ニュ,0.023423012
サンゴ,0.023423012
中国船,0.022642246
パズ,0.022537913
ェイ,0.022047423
業界,0.021712232
ブッ,0.0216835
マイ,0.021095192
出版,0.020879341
新聞）,0.020820456
労働組合,0.020660564
ロソフ,0.020567812
ト検,0.020515267
エン,0.020169884
終了,0.020073183
ング,0.020001154
国市,0.019897822
ンタ,0.019707369
読売新,0.019519178
発売,0.019259796
商城,0.019157853
東商,0.019157853
【】,0.018883752
キン,0.018361203
ム機,0.017746706
公開,0.017564824
市場,0.01730653
ソフ,0.0166518
調査,0.016528452
古島沖,0.016103322
リブ,0.015847765
同性,0.015364528
新聞,0.015224959
性婚,0.014696505
タル,0.01436798
（読売,0.014053808
依存,0.013797822
宮古島,0.01376102
ジタ,0.013569759
時代,0.013569759
除命令,0.0134184165
提携,0.013321363
デジ,0.013170648
漫画,0.012944619
国際,0.012912853
友人,0.012834988
電通,0.012162984
召喚,0.011642799
個人,0.011471308
務提,0.011467956
利用,0.011366028
和国,0.010974116
検閲,0.010973282
界最,0.010559844
投入,0.010516566
業務,0.010425415
可能,0.010384721
開範,0.0099827675
開情,0.009959982
喚命,0.009954593
世界,0.009813768
流出,0.00974231
最悪,0.009641597
ブセ,0.009604706
命令,0.009430667
営者,0.009239864
経営,0.009182473
れて,0.00915087
ンゴ,0.009108949
サン,0.009108949
