ジェットのスロットを変更,48.438538
ウィジェットのスロット,45.528793
ェットのスロットを変更,37.2392
ウィジェットのスロッ,36.818935
ィジェットのスロット,33.939648
ウィジェットのスロ,29.023256
ットのスロットを変更,28.106314
ィジェットのスロッ,26.852991
ジェットのスロット,24.585548
トのスロットを変更,22.156149
ィジェットのスロ,20.586931
ジェットのスロッ,18.945736
ェットのスロット,17.246954
のスロットを変更,16.903654
継続ベースの画面遷移,15.906543
ウィジェット,14.378746
ジェットのスロ,14.032947
ェットのスロッ,12.874031
継続ベースの画面遷,12.263553
続ベースの画面遷移,11.960748
ットのスロット,11.639535
スロットを変更,11.418605
…………,10.0
……………,9.999999
継続ベースの画面,9.271028
ェットのスロ,9.134551
続ベースの画面遷,8.986916
ベースの画面遷移,8.792523
ィジェット,8.630116
ウィジェッ,8.562796
トのスロット,8.486711
ットのスロッ,8.357142
………,7.3333335
のスロット,6.6860466
………………,6.6666665
続ベースの画面,6.5943923
ベースの画面遷,6.411215
ースの画面遷移,6.3327103
トのスロッ,5.9565334
オンラインエディタ,5.665702
ットのスロ,5.614618
ジェット,4.659194
ィジェッ,4.612191
ベースの画面,4.542056
ユーザーテスト,4.475988
ースの画面遷,4.4635515
ンラインエディタ,4.2662807
ウィジェ,4.1626177
スの画面遷移,4.1383176
オンラインエディ,4.0289435
スロット,3.9911406
のスロッ,3.7375414
……,3.3333333
トのスロ,3.1816168
ラインエディタ,3.1657019
ユーザーテス,3.043192
ースの画面,3.037383
ーザーテスト,2.9661174
ンラインエディ,2.932706
オンラインエデ,2.841534
継続ベース,2.7585669
スの画面遷,2.7570093
ました削除画像で検索検索,2.6105263
ツールこの検索キーワード,2.5894737
入力ツールこの検索キーワ,2.5894737
細入力ツールこの検索キー,2.5894737
れました削除画像で検索検,2.5684211
検索キーワードはウェブ履,2.5684211
力ツールこの検索キーワー,2.5684211
の画面遷移,2.5514019
されました削除画像で検索,2.5473685
の検索キーワードはウェブ,2.5473685
ピクスタアンテナ,2.4901094
この検索キーワードはウェ,2.463158
わかりやすい,2.3266933
シーと利用規約検索をクリ,2.2947369
索キーワードはウェブ履歴,2.2947369
て詳細入力ツールこの検索,2.2736843
約検索をクリアもしかして,2.2526317
ーと利用規約検索をクリア,2.2526317
用規約検索をクリアもしか,2.231579
ライバシーと利用規約検索,2.231579
ードはウェブ履歴から削除,2.231579
利用規約検索をクリアもし,2.2105262
詳細入力ツールこの検索キ,2.1894739
規約検索をクリアもしかし,2.1894739
ェブ履歴から削除されまし,2.168421
ウェブ履歴から削除されま,2.168421
ーワードはウェブ履歴から,2.1473684
インエディタ,2.1403763
ジェッ,2.1082373
ブ履歴から削除されました,2.1052632
はウェブ履歴から削除され,2.1052632
ラインエディ,2.096961
ェット,2.0964992
索をクリアもしかして詳細,2.0842106
プライバシーと利用規約検,2.0842106
ついてプライバシーと利用,2.0421054
ョンについてプライバシー,2.0421054
かして詳細入力ツールこの,2.0210526
いてプライバシーと利用規,2.0210526
ーションについてプライバ,2.0210526
ューションについてプライ,2.0210526
リューションについてプラ,2.0210526
ザーテスト,2.004624
スソリューションについて,2.0
ンラインエデ,1.9971056
もしかして詳細入力ツール,1.9789475
アもしかして詳細入力ツー,1.9789475
てプライバシーと利用規約,1.9789475
ロット,1.9626245
ユーザーテ,1.9594774
ら削除されました削除画像,1.9368421
オンラインエ,1.9363241
ネスソリューションについ,1.9157895
から削除されました削除画,1.9157895
歴から削除されました削除,1.9157895
をクリアもしかして詳細入,1.8947369
わかりにくい,1.8933997
ーザーテス,1.8890952
ジネスソリューションにつ,1.8736843
リアもしかして詳細入力ツ,1.8526316
ションについてプライバシ,1.8526316
載ビジネスソリューション,1.8526316
掲載ビジネスソリューショ,1.8526316
告掲載ビジネスソリューシ,1.8526316
スロッ,1.835548
ール広告掲載ビジネスソリ,1.8315791
クリアもしかして詳細入力,1.8105264
広告掲載ビジネスソリュー,1.8105264
ツール広告掲載ビジネスソ,1.8105264
語ツール広告掲載ビジネス,1.8105264
言語ツール広告掲載ビジネ,1.7894737
ィジェ,1.7761978
クスタアンテナ,1.7727526
ピクスタアンテ,1.7532289
スの画面,1.7495327
ウィジ,1.7394874
ル広告掲載ビジネスソリュ,1.7263159
ユーザー,1.6275272
のスロ,1.5946842
の画面遷,1.5775701
継続ベー,1.552648
続ベース,1.5264797
かりやすい,1.5141634
わかりやす,1.5086774
ラインエデ,1.3748192
インエディ,1.3277858
かりにくい,1.3208363
ンラインエ,1.3060782
ンエディタ,1.2445731
オンライン,1.2264833
ザーテス,1.2003411
クスタアンテ,1.1981978
ピクスタアン,1.1814632
フォロワー,1.1703959
ーテスト,1.1568729
スタアンテナ,1.1446471
わかりにく,1.1173098
ーザーテ,1.1128409
ービジュアル,1.1060288
ユーザ,1.0674622
の画面,1.046729
ビジュアル,0.9920618
コード,0.9890557
画面遷移,0.90467286
かりやす,0.87313974
わかり,0.87159437
ラインエ,0.85962373
わかりや,0.8468683
りやすい,0.8416758
検索検索,0.8210526
リサーチ,0.81134963
インエデ,0.8104197
ーザー,0.80635875
オンライ,0.79015917
ンライン,0.78147614
クスタアン,0.76700276
ベース,0.74579436
続ベー,0.74579436
りにくい,0.7321393
スタアンテ,0.7223772
検索,0.7017544
ロッ,0.696567
かりにく,0.69579196
ェッ,0.69540626
ピクスタア,0.69169706
タアンテナ,0.68332976
ンエディ,0.6772793
ォロワー,0.66781414
ービジュア,0.6565115
ザーテ,0.64851254
ーテス,0.6122193
エディタ,0.5643994
サッカー,0.54323107
継続ベ,0.5429907
をすべて,0.5406565
ジェ,0.5326321
ジュアル,0.528127
ビジュア,0.528127
索検索,0.52105266
検索検,0.52105266
フォロワ,0.5163511
ウェブ履歴,0.50877196
デザイン,0.49024057
ィジ,0.48432693
ライン,0.4819103
ンライ,0.47756875
ウィ,0.46670705
ード,0.46517727
ーザ,0.46505967
リサー,0.46288538
インエ,0.46237338
やすい,0.4531827
スロ,0.45182726
ザー,0.43952915
サーチ,0.4368806
スタアン,0.42171207
ユー,0.42077067
テスト,0.41841695
かりに,0.41766986
サイト,0.4173331
ツイート,0.41505706
かりや,0.4137755
クスタア,0.4083244
にくい,0.3962509
タアンテ,0.39047414
アンテナ,0.3837803
りやす,0.3801635
してみ,0.3780196
コー,0.37174386
ピクスタ,0.36816135
ンエデ,0.35383502
ロワー,0.3498279
かり,0.3456706
変更,0.33887044
オンラ,0.3342981
わか,0.32143906
デザイ,0.317575
ツール,0.3157895
りにく,0.29889196
ベー,0.29221183
ッカー,0.276121
フォロ,0.27270988
ーテ,0.271706
ェブ履歴,0.26666668
ウェブ履,0.26666668
ディタ,0.26049203
ザイン,0.2552203
ブログ,0.2462006
サー,0.2458898
イート,0.24220692
として,0.24105911
をすべ,0.2394336
てみた,0.23559764
ジュア,0.23415576
すべて,0.23364085
ュアル,0.23196739
すい,0.2317452
まれる,0.22977902
ツイー,0.2267642
ォロワ,0.22074011
エディ,0.21924746
ビジュ,0.21664879
索検,0.2105263
サッカ,0.21046986
継続,0.20747663
てい,0.20706233
ーチ,0.2068826
ージ,0.20096375
です,0.20069261
ーク,0.19971684
タアン,0.19746836
アンテ,0.19244798
クスタ,0.18910106
スタア,0.18408068
バー,0.18195567
イト,0.18130983
ます,0.17101274
ンテナ,0.17069298
ピクス,0.17069298
ース,0.17068064
ので,0.17032959
ンラ,0.16931982
という,0.1650759
まし,0.16358376
ンエ,0.16208394
くい,0.16115223
ワー,0.16105692
必見！,0.15535846
する,0.15470313
スト,0.15209338
から,0.15187995
イン,0.14961386
画面,0.1448598
続ベ,0.14392523
りに,0.14344218
こと,0.1423382
やす,0.14217497
サイ,0.14057554
ると,0.13885626
テス,0.13413666
てみ,0.12665147
ション,0.12631579
スタ,0.12477602
ザイ,0.123045824
にな,0.121138364
りま,0.118777916
すべ,0.1182733
して,0.11594033
ツー,0.11578947
ブ履歴,0.11578947
ェブ履,0.11578947
ウェブ,0.11578947
ール,0.11562772
れる,0.11496622
イー,0.11433034
した,0.11359774
りや,0.11204006
レー,0.11138276
にく,0.1109892
ート,0.11082425
デザ,0.11002082
べて,0.10834775
され,0.106635034
いま,0.10596776
遷移,0.10529595
って,0.10429694
ィタ,0.09985528
カー,0.09912036
素材,0.0988629
では,0.09526277
とし,0.09193882
をす,0.08882214
ない,0.087626494
ログ,0.08566981
ォロ,0.0810225
リサ,0.07974804
アン,0.07921047
アル,0.078781374
ック,0.07809483
みた,0.07780314
サッ,0.07594936
ビジ,0.07552028
競馬,0.075371794
ブロ,0.07285937
フォ,0.07241665
ンテ,0.072087534
ッカ,0.072087534
ュア,0.07148681
クス,0.07028535
ュー,0.07017544
言語,0.070050806
ロワ,0.0697074
いう,0.06767479
エデ,0.066570185
ツイ,0.064257026
共有,0.06186686
まれ,0.061789315
ジュ,0.061274406
タア,0.0580133
時間,0.052495696
ピク,0.0524351
見！,0.05236607
さん,0.051868763
制作,0.04772396
ディ,0.047585774
よう,0.043813594
ティ,0.0392108
必見,0.0390084
表示,0.038618322
テナ,0.037931774
「」,0.0367183
ライ,0.035650223
ョン,0.03548234
ショ,0.03508772
ブ履,0.03508772
ェブ,0.03508772
投稿,0.034735948
実行,0.033964027
会社,0.032524288
削除,0.028070176
履歴,0.028070176
ウェ,0.028070176
画像,0.028070176
情報,0.028070176
方法,0.027251864
